file_name,pages,file_size_kb,has_text,word_count,character_count,status,error
25-ciss copy.pdf,2,27.44,True,1687,12508,Valid,
25-ciss.pdf,2,27.44,True,1687,12508,Valid,
40shydcs copy.pdf,2,23.68,True,1423,9660,Valid,
40shydcs.pdf,2,23.68,True,1423,9660,Valid,
a-gainer copy.pdf,2,27.42,True,1815,12824,Valid,
a-gainer.pdf,2,27.42,True,1815,12824,Valid,
a-pudu copy.pdf,1,21.16,True,954,7190,Valid,
a-pudu.pdf,1,21.16,True,954,7190,Valid,
a2ks copy.pdf,2,27.2,True,1480,11769,Valid,
a2ks.pdf,2,27.2,True,1480,11769,Valid,
aaas-assam copy.pdf,2,28.21,True,1992,13999,Valid,
aaas-assam.pdf,2,28.21,True,1992,13999,Valid,
aabcs copy.pdf,2,26.57,True,1661,12069,Valid,
aabcs.pdf,2,26.57,True,1661,12069,Valid,
aaby copy.pdf,2,25.5,True,1755,11675,Valid,
aaby.pdf,2,25.5,True,1755,11675,Valid,
aaelss copy.pdf,1,21.17,True,958,6840,Valid,
aaelss.pdf,1,21.17,True,958,6840,Valid,
aag copy.pdf,1,22.05,True,1093,7695,Valid,
aag.pdf,1,22.05,True,1093,7695,Valid,
aamgsiscs.pdf,1,20.08,True,868,6439,Valid,
aan copy.pdf,2,25.92,True,1468,10653,Valid,
aan.pdf,2,25.92,True,1468,10653,Valid,
aas copy.pdf,2,27.35,True,1858,12667,Valid,
aas.pdf,2,27.35,True,1858,12667,Valid,
aasfsv copy.pdf,1,19.7,True,756,5937,Valid,
aasfsv.pdf,1,19.7,True,756,5937,Valid,
aasra copy.pdf,2,27.97,True,2032,13420,Valid,
aasra.pdf,2,27.97,True,2032,13420,Valid,
aass copy.pdf,1,21.55,True,806,6602,Valid,
aass.pdf,1,21.55,True,806,6602,Valid,
aavy copy.pdf,1,19.25,True,758,5736,Valid,
aavy(1) copy.pdf,1,19.25,True,758,5736,Valid,
aavy(1).pdf,1,19.25,True,758,5736,Valid,
aavy(2) copy.pdf,1,19.25,True,758,5736,Valid,
aavy(2).pdf,1,19.25,True,758,5736,Valid,
aavy.pdf,1,19.25,True,758,5736,Valid,
aay-goa copy.pdf,1,21.09,True,965,7331,Valid,
aay-goa.pdf,1,21.09,True,965,7331,Valid,
abhb copy.pdf,2,28.41,True,2356,15426,Valid,
abhb.pdf,2,28.41,True,2356,15426,Valid,
abn copy.pdf,1,21.12,True,809,6049,Valid,
abn.pdf,1,21.12,True,809,6049,Valid,
absy copy.pdf,1,21.59,True,1008,7544,Valid,
absy.pdf,1,21.59,True,1008,7544,Valid,
abvky copy.pdf,2,28.9,True,2196,14633,Valid,
abvky.pdf,2,28.9,True,2196,14633,Valid,
acandabc copy.pdf,2,25.21,True,1350,10290,Valid,
acandabc.pdf,2,25.21,True,1350,10290,Valid,
acbbhses copy.pdf,1,21.07,True,1046,7690,Valid,
acbbhses(1) copy.pdf,1,21.07,True,1046,7690,Valid,
acbbhses(1).pdf,1,21.07,True,1046,7690,Valid,
acbbhses.pdf,1,21.07,True,1046,7690,Valid,
adacw copy.pdf,1,23.02,True,1270,9094,Valid,
adacw.pdf,1,23.02,True,1270,9094,Valid,
adas-glwb copy.pdf,1,21.31,True,1005,7562,Valid,
adas-glwb.pdf,1,21.31,True,1005,7562,Valid,
adasgbocwwb copy.pdf,1,19.83,True,759,6080,Valid,
adasgbocwwb.pdf,1,19.83,True,759,6080,Valid,
adbs-pbaocwwb copy.pdf,1,21.33,True,1123,8697,Valid,
adbs-pbaocwwb.pdf,1,21.33,True,1123,8697,Valid,
admptpfdap copy.pdf,1,19.85,True,852,6691,Valid,
admptpfdap.pdf,1,19.85,True,852,6691,Valid,
adow copy.pdf,1,21.56,True,1077,8032,Valid,
adow.pdf,1,21.56,True,1077,8032,Valid,
aduw-hbocwwb copy.pdf,1,19.94,True,822,6235,Valid,
aduw-hbocwwb.pdf,1,19.94,True,822,6235,Valid,
ae copy.pdf,3,37.83,True,3051,22557,Valid,
ae(1) copy.pdf,3,37.83,True,3051,22557,Valid,
ae(1).pdf,3,37.83,True,3051,22557,Valid,
ae.pdf,3,37.83,True,3051,22557,Valid,
aelss copy.pdf,1,19.15,True,771,5500,Valid,
aelss.pdf,1,19.15,True,771,5500,Valid,
aems copy.pdf,1,18.9,True,596,5019,Valid,
aems.pdf,1,18.9,True,596,5019,Valid,
aes copy.pdf,1,20.12,True,879,6480,Valid,
aes.pdf,1,20.12,True,879,6480,Valid,
aewc-mesifai-vi copy.pdf,2,26.25,True,1691,12582,Valid,
aewc-mesifai-vi.pdf,2,26.25,True,1691,12582,Valid,
afag copy.pdf,1,22.18,True,1338,9107,Valid,
afag.pdf,1,22.18,True,1338,9107,Valid,
affdf copy.pdf,1,22.99,True,1234,9184,Valid,
affdf-serious-disease-treatment copy.pdf,1,22.08,True,1012,7733,Valid,
affdf-serious-disease-treatment.pdf,1,22.08,True,1012,7733,Valid,
affdf.pdf,1,22.99,True,1234,9184,Valid,
afm copy.pdf,1,18.61,True,769,5889,Valid,
afm.pdf,1,18.61,True,769,5889,Valid,
afpoaa copy.pdf,1,20.83,True,804,6371,Valid,
afpoaa.pdf,1,20.83,True,804,6371,Valid,
ag copy.pdf,1,19.95,True,798,6100,Valid,
ag.pdf,1,19.95,True,798,6100,Valid,
agfiscmpwa copy.pdf,2,24.75,True,1483,10331,Valid,
agfiscmpwa.pdf,2,24.75,True,1483,10331,Valid,
agr2fmsfotscst copy.pdf,2,24.54,True,1250,9528,Valid,
agr2fmsfotscst.pdf,2,24.54,True,1250,9528,Valid,
agr3fmsstf copy.pdf,2,25.75,True,1380,10539,Valid,
agr3fmsstf.pdf,2,25.75,True,1380,10539,Valid,
agr4fmsscf copy.pdf,2,24.37,True,1236,9443,Valid,
agr4fmsscf.pdf,2,24.37,True,1236,9443,Valid,
agr50s-apt copy.pdf,1,23.37,True,1269,9271,Valid,
agr50s-apt.pdf,1,23.37,True,1269,9271,Valid,
agroforestry copy.pdf,2,25.49,True,1479,11042,Valid,
agroforestry.pdf,2,25.49,True,1479,11042,Valid,
ags copy.pdf,2,25.69,True,1837,11733,Valid,
ags.pdf,2,25.69,True,1837,11733,Valid,
ahs copy.pdf,2,25.98,True,1622,10856,Valid,
ahs.pdf,2,25.98,True,1622,10856,Valid,
ahst copy.pdf,1,20.97,True,915,7095,Valid,
ahst.pdf,1,20.97,True,915,7095,Valid,
ahstc-dc copy.pdf,1,20.4,True,922,7065,Valid,
ahstc-dc.pdf,1,20.4,True,922,7065,Valid,
ai-rtf copy.pdf,2,33.05,True,2544,18387,Valid,
ai-rtf.pdf,2,33.05,True,2544,18387,Valid,
ai-tgses copy.pdf,1,21.88,True,1055,7859,Valid,
ai-tgses.pdf,1,21.88,True,1055,7859,Valid,
aicte-spices copy.pdf,3,38.03,True,3559,23653,Valid,
aicte-spices.pdf,3,38.03,True,3559,23653,Valid,
aicte-ssss copy.pdf,2,27.28,True,1737,12099,Valid,
aicte-ssss.pdf,2,27.28,True,1737,12099,Valid,
aif copy.pdf,2,31.37,True,2336,16432,Valid,
aif.pdf,2,31.37,True,2336,16432,Valid,
aiideals copy.pdf,3,35.89,True,2903,20150,Valid,
aiideals.pdf,3,35.89,True,2903,20150,Valid,
aillam copy.pdf,1,21.04,True,921,7012,Valid,
aillam.pdf,1,21.04,True,921,7012,Valid,
aimpwbdop copy.pdf,1,22.53,True,1263,8901,Valid,
aimpwbdop.pdf,1,22.53,True,1263,8901,Valid,
aipbo-faascdmf copy.pdf,1,22.0,True,1213,9052,Valid,
aipbo-faascdmf.pdf,1,22.0,True,1213,9052,Valid,
aipps-mesifai-vi copy.pdf,2,25.39,True,1474,11128,Valid,
aipps-mesifai-vi.pdf,2,25.39,True,1474,11128,Valid,
airavata copy.pdf,1,20.39,True,809,5911,Valid,
airavata.pdf,1,20.39,True,809,5911,Valid,
aius copy.pdf,1,19.43,True,681,5610,Valid,
aius.pdf,1,19.43,True,681,5610,Valid,
ak copy.pdf,1,21.33,True,971,7129,Valid,
ak.pdf,1,21.33,True,971,7129,Valid,
akbhcy copy.pdf,1,20.14,True,834,6600,Valid,
akbhcy.pdf,1,20.14,True,834,6600,Valid,
akgbcsy copy.pdf,1,20.16,True,871,6572,Valid,
akgbcsy.pdf,1,20.16,True,871,6572,Valid,
akmeds copy.pdf,1,19.82,True,810,6278,Valid,
akmeds.pdf,1,19.82,True,810,6278,Valid,
akpsy copy.pdf,1,19.58,True,743,5858,Valid,
akpsy.pdf,1,19.58,True,743,5858,Valid,
aks copy.pdf,1,21.3,True,1129,8106,Valid,
aks.pdf,1,21.3,True,1129,8106,Valid,
aksmsy copy.pdf,1,19.11,True,701,5470,Valid,
aksmsy.pdf,1,19.11,True,701,5470,Valid,
aksphssy copy.pdf,1,19.41,True,757,5930,Valid,
aksphssy.pdf,1,19.41,True,757,5930,Valid,
aktinf copy.pdf,2,25.27,True,1310,10032,Valid,
aktinf.pdf,2,25.27,True,1310,10032,Valid,
ala copy.pdf,2,30.04,True,2026,15341,Valid,
ala.pdf,2,30.04,True,2026,15341,Valid,
alaes copy.pdf,1,22.95,True,1161,8702,Valid,
alaes.pdf,1,22.95,True,1161,8702,Valid,
alsias.pdf,1,22.18,True,1169,8766,Valid,
am-gris copy.pdf,1,21.65,True,958,7117,Valid,
am-gris.pdf,1,21.65,True,958,7117,Valid,
amas-haryana copy.pdf,2,27.14,True,1723,12362,Valid,
amas-haryana.pdf,2,27.14,True,1723,12362,Valid,
amas-pbaocwwb copy.pdf,2,25.02,True,1441,10581,Valid,
amas-pbaocwwb.pdf,2,25.02,True,1441,10581,Valid,
amcmcy copy.pdf,1,20.23,True,778,6117,Valid,
amcmcy.pdf,1,20.23,True,778,6117,Valid,
amcsy copy.pdf,1,21.02,True,893,6658,Valid,
amcsy.pdf,1,21.02,True,893,6658,Valid,
ami copy.pdf,2,25.67,True,1308,9877,Valid,
ami.pdf,2,25.67,True,1308,9877,Valid,
amrut copy.pdf,2,25.83,True,1526,11215,Valid,
amrut.pdf,2,25.83,True,1526,11215,Valid,
ams copy.pdf,2,29.83,True,2211,16110,Valid,
ams.pdf,2,29.83,True,2211,16110,Valid,
amsmhsslc copy.pdf,1,22.44,True,1162,8351,Valid,
amsmhsslc.pdf,1,22.44,True,1162,8351,Valid,
anby copy.pdf,1,20.17,True,685,5191,Valid,
anby.pdf,1,20.17,True,685,5191,Valid,
aniadws.pdf,1,19.39,True,841,6192,Valid,
anidas.pdf,1,21.67,True,1143,8339,Valid,
anioaas.pdf,1,20.09,True,925,6613,Valid,
anishi copy.pdf,2,23.5,True,1313,9391,Valid,
anishi.pdf,2,23.5,True,1313,9391,Valid,
aniwps.pdf,1,19.33,True,776,5842,Valid,
anky copy.pdf,1,21.49,True,1112,8659,Valid,
anky.pdf,1,21.49,True,1112,8659,Valid,
aocpscgs.pdf,1,21.47,True,1097,7929,Valid,
aos copy.pdf,2,28.63,True,2021,13411,Valid,
aos.pdf,2,28.63,True,2021,13411,Valid,
ap-msscssvixsgsgrpsutp.pdf,1,20.44,True,970,7063,Valid,
apch-gbocwwb copy.pdf,1,21.51,True,1102,8121,Valid,
apch-gbocwwb.pdf,1,21.51,True,1102,8121,Valid,
apchapbandocwwb copy.pdf,1,19.89,True,833,6142,Valid,
apchapbandocwwb.pdf,1,19.89,True,833,6142,Valid,
apdccsifdsgc copy.pdf,1,20.14,True,737,5782,Valid,
apdccsifdsgc.pdf,1,20.14,True,737,5782,Valid,
apdccsscspscc copy.pdf,1,20.19,True,766,5903,Valid,
apdccsscspscc.pdf,1,20.19,True,766,5903,Valid,
apdccstaspstc copy.pdf,1,20.23,True,746,5766,Valid,
apdccstaspstc.pdf,1,20.23,True,746,5766,Valid,
apds copy.pdf,2,24.97,True,1324,9841,Valid,
apds.pdf,2,24.97,True,1324,9841,Valid,
apepc copy.pdf,1,22.85,True,1123,8381,Valid,
apepc.pdf,1,22.85,True,1123,8381,Valid,
apmcy copy.pdf,1,19.87,True,751,6174,Valid,
apmcy.pdf,1,19.87,True,751,6174,Valid,
apmsscs.pdf,1,21.28,True,923,7166,Valid,
apmsspeuo.pdf,1,20.91,True,966,7301,Valid,
apsdap copy.pdf,1,17.79,True,558,4415,Valid,
apsdap.pdf,1,17.79,True,558,4415,Valid,
apun-ghar.pdf,2,27.69,True,1937,12801,Valid,
apy copy.pdf,2,26.54,True,1602,11016,Valid,
apy-jbocwwb copy.pdf,2,25.41,True,1449,10332,Valid,
apy-jbocwwb.pdf,2,25.41,True,1449,10332,Valid,
apy.pdf,2,26.54,True,1602,11016,Valid,
arogya-lakshmi copy.pdf,2,28.63,True,2074,13633,Valid,
arogya-lakshmi.pdf,2,28.63,True,2074,13633,Valid,
arps copy.pdf,2,28.59,True,1806,12659,Valid,
arps.pdf,2,28.59,True,1806,12659,Valid,
ars copy.pdf,1,20.09,True,854,6340,Valid,
ars.pdf,1,20.09,True,854,6340,Valid,
arsls copy.pdf,1,18.56,True,582,4901,Valid,
arsls.pdf,1,18.56,True,582,4901,Valid,
as-fadw copy.pdf,1,19.7,True,795,6029,Valid,
as-fadw.pdf,1,19.7,True,795,6029,Valid,
ascfiscmpa copy.pdf,2,25.0,True,1519,10722,Valid,
ascfiscmpa.pdf,2,25.0,True,1519,10722,Valid,
ascswstrsdlsxxiisma.pdf,1,19.29,True,744,5633,Valid,
asd copy.pdf,1,19.16,True,732,5349,Valid,
asd.pdf,1,19.16,True,732,5349,Valid,
asdaps.pdf,1,21.91,True,1009,7887,Valid,
asdtpwff copy.pdf,1,21.35,True,1013,7852,Valid,
asdtpwff.pdf,1,21.35,True,1013,7852,Valid,
asfcw copy.pdf,1,20.54,True,1212,8157,Valid,
asfcw.pdf,1,20.54,True,1212,8157,Valid,
asfrfevcsea copy.pdf,2,23.81,True,1439,10073,Valid,
asfrfevcsea.pdf,2,23.81,True,1439,10073,Valid,
asha copy.pdf,2,26.36,True,1645,11851,Valid,
asha(1) copy.pdf,2,26.36,True,1645,11851,Valid,
asha(1).pdf,2,26.36,True,1645,11851,Valid,
asha(2) copy.pdf,2,26.36,True,1645,11851,Valid,
asha(2).pdf,2,26.36,True,1645,11851,Valid,
asha.pdf,2,26.36,True,1645,11851,Valid,
asmcfc copy.pdf,1,21.57,True,1117,8007,Valid,
asmcfc.pdf,1,21.57,True,1117,8007,Valid,
asodgbocwwb copy.pdf,1,21.68,True,1051,8246,Valid,
asodgbocwwb.pdf,1,21.68,True,1051,8246,Valid,
assgsdra copy.pdf,1,20.83,True,1018,7504,Valid,
assgsdra.pdf,1,20.83,True,1018,7504,Valid,
assp copy.pdf,2,27.09,True,2098,14211,Valid,
assp.pdf,2,27.09,True,2098,14211,Valid,
assy copy.pdf,2,27.58,True,1831,12936,Valid,
assy-goa copy.pdf,1,21.33,True,1133,8234,Valid,
assy-goa.pdf,1,21.33,True,1133,8234,Valid,
assy.pdf,2,27.58,True,1831,12936,Valid,
astpss copy.pdf,1,22.28,True,1086,8347,Valid,
astpss.pdf,1,22.28,True,1086,8347,Valid,
asttpsu copy.pdf,1,22.96,True,1113,8593,Valid,
asttpsu.pdf,1,22.96,True,1113,8593,Valid,
asy copy.pdf,2,25.44,True,1428,10289,Valid,
asy.pdf,2,25.44,True,1428,10289,Valid,
asyadcf.pdf,2,27.24,True,1726,12311,Valid,
asyg copy.pdf,1,22.38,True,1308,8944,Valid,
asyg.pdf,1,22.38,True,1308,8944,Valid,
asymp copy.pdf,1,19.22,True,673,5188,Valid,
asymp.pdf,1,19.22,True,673,5188,Valid,
ata-mesifa-cii copy.pdf,2,25.39,True,1526,11417,Valid,
ata-mesifa-cii.pdf,2,25.39,True,1526,11417,Valid,
atbwt copy.pdf,1,21.1,True,952,7463,Valid,
atbwt.pdf,1,21.1,True,952,7463,Valid,
atd copy.pdf,1,19.68,True,837,5843,Valid,
atd.pdf,1,19.68,True,837,5843,Valid,
atdap copy.pdf,1,20.63,True,871,6605,Valid,
atdap.pdf,1,20.63,True,871,6605,Valid,
atesgephmesthrt3 copy.pdf,1,22.31,True,1030,8196,Valid,
atesgephmesthrt3.pdf,1,22.31,True,1030,8196,Valid,
atesgephmgchrt2 copy.pdf,1,22.27,True,1030,8199,Valid,
atesgephmgchrt2.pdf,1,22.27,True,1030,8199,Valid,
atesgephmschrt4 copy.pdf,1,22.38,True,1039,8306,Valid,
atesgephmschrt4.pdf,1,22.38,True,1039,8306,Valid,
ati copy.pdf,2,28.25,True,2061,14651,Valid,
ati.pdf,2,28.25,True,2061,14651,Valid,
atihcdohs copy.pdf,1,20.15,True,882,6860,Valid,
atihcdohs.pdf,1,20.15,True,882,6860,Valid,
atlg copy.pdf,1,18.5,True,681,5231,Valid,
atlg.pdf,1,18.5,True,681,5231,Valid,
atnmasfogi copy.pdf,1,19.5,True,745,5722,Valid,
atnmasfogi.pdf,1,19.5,True,745,5722,Valid,
atnmasfogii copy.pdf,1,19.71,True,781,5990,Valid,
atnmasfogii.pdf,1,19.71,True,781,5990,Valid,
atpm copy.pdf,1,19.78,True,779,6326,Valid,
atpm.pdf,1,19.78,True,779,6326,Valid,
atppe copy.pdf,2,26.73,True,1454,11194,Valid,
atppe.pdf,2,26.73,True,1454,11194,Valid,
atuf copy.pdf,1,19.44,True,691,5451,Valid,
atuf.pdf,1,19.44,True,691,5451,Valid,
atujtfl copy.pdf,2,26.55,True,1546,11443,Valid,
atujtfl.pdf,2,26.55,True,1546,11443,Valid,
atwsfww copy.pdf,2,26.1,True,1577,11357,Valid,
atwsfww.pdf,2,26.1,True,1577,11357,Valid,
auscstpaa copy.pdf,1,20.48,True,825,6373,Valid,
auscstpaa.pdf,1,20.48,True,825,6373,Valid,
avgsy copy.pdf,1,21.24,True,1203,7927,Valid,
avgsy.pdf,1,21.24,True,1203,7927,Valid,
avy.pdf,1,19.18,True,724,5450,Valid,
awvsssi.pdf,1,20.03,True,848,6231,Valid,
awwfu copy.pdf,1,18.4,True,550,4391,Valid,
awwfu.pdf,1,18.4,True,550,4391,Valid,
ay copy.pdf,2,27.99,True,1951,13430,Valid,
ay.pdf,2,27.99,True,1951,13430,Valid,
ayuvfak copy.pdf,1,21.53,True,1045,7420,Valid,
ayuvfak.pdf,1,21.53,True,1045,7420,Valid,
ba.pdf,1,22.93,True,1277,8955,Valid,
backward-classes.pdf,1,18.76,True,760,5498,Valid,
badp(1).pdf,2,28.93,True,1931,14077,Valid,
badp.pdf,2,28.93,True,1931,14077,Valid,
bas.pdf,1,20.62,True,864,6548,Valid,
batcs.pdf,1,20.5,True,722,5953,Valid,
bbbp.pdf,2,30.55,True,1993,14124,Valid,
bbhs.pdf,2,29.63,True,2167,15215,Valid,
bbs.pdf,1,20.01,True,747,5821,Valid,
bbsa.pdf,1,20.98,True,823,6289,Valid,
bbsy.pdf,2,25.33,True,1516,10400,Valid,
bby.pdf,1,19.59,True,764,5693,Valid,
bclptls.pdf,1,18.97,True,655,5439,Valid,
beis.pdf,1,22.52,True,1217,8728,Valid,
bgcrs.pdf,1,22.06,True,1160,8297,Valid,
bhausaheb-fundkar-horticulture-plantataion-scheme.pdf,1,21.67,True,955,7026,Valid,
bhay.pdf,1,20.94,True,995,6982,Valid,
bhsstg.pdf,1,17.88,True,442,3533,Valid,
big.pdf,3,40.85,True,3549,25563,Valid,
biocare.pdf,2,29.78,True,2179,15628,Valid,
bjrcy.pdf,1,21.71,True,1041,7771,Valid,
bll.pdf,2,26.79,True,1757,12084,Valid,
bmfe.pdf,1,22.92,True,1179,8874,Valid,
bmssy.pdf,2,28.2,True,1626,12381,Valid,
bnlbks.pdf,1,21.68,True,1197,8202,Valid,
bnpfrs.pdf,1,21.96,True,1178,8800,Valid,
bns.pdf,1,22.99,True,1283,9190,Valid,
bntyy.pdf,2,31.31,True,2526,17218,Valid,
bocs.pdf,1,20.04,True,869,6553,Valid,
bpba.pdf,1,23.15,True,1238,8525,Valid,
bpdf.pdf,1,23.03,True,1067,8221,Valid,
bpgy.pdf,1,26.91,True,1809,12748,Valid,
bplscs.pdf,2,26.03,True,1661,11616,Valid,
bps.pdf,1,20.92,True,1097,7883,Valid,
bpsabcpsg(1).pdf,2,27.58,True,1847,12981,Valid,
bpsabcpsg.pdf,2,27.58,True,1847,12981,Valid,
bpsaec.pdf,2,27.25,True,1846,12782,Valid,
bpsaesj.pdf,2,27.53,True,1912,12980,Valid,
bpsalapsg.pdf,2,26.53,True,1764,11874,Valid,
bpsaopsgy.pdf,2,26.96,True,1830,12371,Valid,
bpsy.pdf,1,18.09,True,592,4612,Valid,
braany copy.pdf,1,21.62,True,1063,7780,Valid,
braany.pdf,1,21.62,True,1063,7780,Valid,
brfsy.pdf,1,21.49,True,1074,7447,Valid,
brg.pdf,2,26.01,True,1563,11338,Valid,
bs-hbocwwb.pdf,1,22.18,True,1192,8480,Valid,
bs.pdf,1,22.18,True,1088,7879,Valid,
bsccs.pdf,1,22.04,True,1288,8878,Valid,
bsky-chcsgh.pdf,2,30.78,True,2387,16173,Valid,
bsmasukbocwwb.pdf,1,21.29,True,953,7630,Valid,
bsp.pdf,1,22.67,True,1228,8494,Valid,
bsrs.pdf,1,21.35,True,1065,7717,Valid,
bsy-pudu.pdf,1,21.07,True,947,7069,Valid,
bsy.pdf,1,21.27,True,1264,8702,Valid,
bsyrj.pdf,1,21.46,True,1164,7773,Valid,
btfvibc.pdf,1,18.49,True,668,5078,Valid,
btlpdfp.pdf,2,28.98,True,1821,13487,Valid,
btlrfp.pdf,2,28.55,True,1825,13214,Valid,
btus.pdf,1,21.78,True,1016,7247,Valid,
bydbta.pdf,1,17.99,True,617,4509,Valid,
byea.pdf,1,23.36,True,1126,8747,Valid,
bys.pdf,1,21.53,True,1170,8143,Valid,
bysy.pdf,1,22.03,True,987,7289,Valid,
caabocwwb.pdf,1,21.48,True,1031,7450,Valid,
caapbandocwwb.pdf,1,19.91,True,797,5943,Valid,
cambocwwb.pdf,2,23.16,True,1171,9219,Valid,
camvisoftrslshe(1).pdf,1,20.9,True,909,7069,Valid,
camvisoftrslshe.pdf,1,20.9,True,909,7069,Valid,
camwisec.pdf,3,32.6,True,2799,18928,Valid,
cascspeinnc.pdf,1,21.49,True,898,6780,Valid,
casprescs.pdf,1,23.72,True,1209,9115,Valid,
casscsppnjg.pdf,1,20.97,True,920,6828,Valid,
cbs-pbaocwwb.pdf,1,21.3,True,1062,8081,Valid,
cbsp-ep.pdf,2,25.83,True,1333,9544,Valid,
cbsp-hsrt.pdf,1,20.19,True,819,6412,Valid,
cbsp-stc.pdf,2,25.99,True,1437,10783,Valid,
cbssc-amy copy.pdf,2,27.95,True,1754,12786,Valid,
cbssc-amy.pdf,2,27.95,True,1754,12786,Valid,
cbssc-els copy.pdf,1,21.1,True,934,7283,Valid,
cbssc-els.pdf,1,21.1,True,934,7283,Valid,
cbssc-mcf copy.pdf,1,21.4,True,896,7001,Valid,
cbssc-mcf.pdf,1,21.4,True,896,7001,Valid,
cbssc-msy.pdf,1,21.46,True,1022,7667,Valid,
cbssc-tl copy.pdf,2,24.64,True,1260,9439,Valid,
cbssc-tl.pdf,2,24.64,True,1260,9439,Valid,
cbtfw60ya-p copy.pdf,1,19.26,True,652,4880,Valid,
cbtfw60ya-p.pdf,1,19.26,True,652,4880,Valid,
cccsaw copy.pdf,1,21.55,True,1187,8201,Valid,
cccsaw.pdf,1,21.55,True,1187,8201,Valid,
ccdp copy.pdf,2,24.2,True,1251,9893,Valid,
ccdp.pdf,2,24.2,True,1251,9893,Valid,
ccskpy.pdf,1,22.39,True,1173,8531,Valid,
ccsnfpfscsmap.pdf,2,28.72,True,2117,14767,Valid,
cctofp.pdf,1,23.22,True,1256,8893,Valid,
cdpnercc.pdf,1,22.24,True,1192,8904,Valid,
cdpnerec.pdf,2,26.27,True,1840,13145,Valid,
cdpnerqucdy.pdf,1,22.53,True,1176,8929,Valid,
cdpnerqucsbp.pdf,1,21.9,True,1098,8497,Valid,
cdpnerqucsecoc.pdf,2,24.86,True,1339,10525,Valid,
cdpnersgn.pdf,1,20.32,True,976,7341,Valid,
cdpnerwa.pdf,1,22.84,True,1209,9227,Valid,
ceaf.pdf,2,24.15,True,1592,11249,Valid,
cec.pdf,1,19.07,True,747,5876,Valid,
cecdcs copy.pdf,1,19.64,True,843,6544,Valid,
cecdcs.pdf,1,19.64,True,843,6544,Valid,
cegssc copy.pdf,2,30.33,True,2312,16041,Valid,
cegssc.pdf,2,30.33,True,2312,16041,Valid,
cfm copy.pdf,1,21.73,True,1063,8010,Valid,
cfm.pdf,1,21.73,True,1063,8010,Valid,
cfpgs copy.pdf,2,29.97,True,2093,15302,Valid,
cfpgs.pdf,2,29.97,True,2093,15302,Valid,
cgilsm(1).pdf,1,21.52,True,1021,7656,Valid,
cgilsm(2).pdf,1,21.52,True,1021,7656,Valid,
cgilsm.pdf,1,21.52,True,1021,7656,Valid,
chcdp.pdf,1,18.97,True,624,4902,Valid,
chief-minister-agriculture-and-food-processing-scheme.pdf,1,22.17,True,1058,8057,Valid,
chief-minister-sustainable-agriculture-irrigation-scheme.pdf,2,25.41,True,1600,11007,Valid,
chsipni.pdf,2,25.34,True,1341,10480,Valid,
cife-if.pdf,2,31.81,True,2783,18224,Valid,
cis-mesifa-cii copy.pdf,2,26.25,True,1670,12367,Valid,
cis-mesifa-cii.pdf,2,26.25,True,1670,12367,Valid,
cis5aciskr-mesifai copy.pdf,2,24.49,True,1325,10029,Valid,
cis5aciskr-mesifai.pdf,2,24.49,True,1325,10029,Valid,
cisitites-mesifai copy.pdf,2,24.95,True,1325,10270,Valid,
cisitites-mesifai.pdf,2,24.95,True,1325,10270,Valid,
cisphpes-mesifai copy.pdf,2,24.92,True,1338,10368,Valid,
cisphpes-mesifai.pdf,2,24.92,True,1338,10368,Valid,
ciss.pdf,2,26.55,True,1724,12008,Valid,
cisscstwe-mesifai copy.pdf,2,27.21,True,1646,12464,Valid,
cisscstwe-mesifai.pdf,2,27.21,True,1646,12464,Valid,
cissgd.pdf,2,25.31,True,1557,10907,Valid,
cistai-mesifai.pdf,2,24.7,True,1282,9967,Valid,
cklpr.pdf,1,22.07,True,916,7200,Valid,
clssmig copy.pdf,2,32.45,True,2699,18435,Valid,
clssmig.pdf,2,32.45,True,2699,18435,Valid,
cm-awards-karmashree.pdf,2,26.11,True,1582,11654,Valid,
cm-cab.pdf,2,26.6,True,1587,11779,Valid,
cm-sky.pdf,1,21.82,True,966,7356,Valid,
cm-swaniyojan-yojana.pdf,1,22.92,True,1095,8791,Valid,
cm-yky.pdf,1,21.33,True,924,6618,Valid,
cmaay.pdf,2,25.0,True,1369,10382,Valid,
cmacs(1).pdf,1,19.51,True,917,6834,Valid,
cmacs.pdf,1,19.51,True,917,6834,Valid,
cmagy.pdf,2,25.45,True,1460,10243,Valid,
cmamp.pdf,2,25.05,True,1278,9693,Valid,
cmat-ap.pdf,1,22.81,True,1130,8176,Valid,
cmat-sada.pdf,1,23.26,True,1212,8778,Valid,
cmat-spie.pdf,1,22.67,True,1196,8790,Valid,
cmcalss.pdf,2,28.27,True,1853,13523,Valid,
cmchis-tn.pdf,1,18.92,True,749,5757,Valid,
cmchis.pdf,2,24.51,True,1309,9778,Valid,
cmcsrs.pdf,2,25.45,True,1419,10587,Valid,
cmdes.pdf,1,19.37,True,796,5817,Valid,
cmdps-sikkim.pdf,1,19.96,True,770,5793,Valid,
cmegp.pdf,1,24.64,True,1007,7875,Valid,
cmenspy.pdf,1,19.91,True,828,5993,Valid,
cmfccs.pdf,1,20.02,True,793,5816,Valid,
cmfds.pdf,1,20.75,True,940,7040,Valid,
cmfm.pdf,1,23.88,True,1307,9273,Valid,
cmgcpsi.pdf,1,20.59,True,1001,7177,Valid,
cmgcpsii.pdf,1,20.37,True,920,6677,Valid,
cmhap.pdf,1,20.24,True,909,6358,Valid,
cmhisn.pdf,2,27.67,True,1783,12980,Valid,
cmkry.pdf,1,22.07,True,1207,8514,Valid,
cmksy.pdf,1,22.64,True,1059,8038,Valid,
cmkuy.pdf,1,20.88,True,1135,7970,Valid,
cmkvy(1).pdf,1,18.58,True,655,4983,Valid,
cmkvy.pdf,1,18.58,True,655,4983,Valid,
cmlby.pdf,1,21.09,True,1039,7520,Valid,
cmlh-prem.pdf,2,27.37,True,1824,12973,Valid,
cmmfbdsf-faascdmf copy.pdf,2,23.42,True,1268,9506,Valid,
cmmfbdsf-faascdmf.pdf,2,23.42,True,1268,9506,Valid,
cmmfi.pdf,2,28.61,True,1789,13444,Valid,
cmnsy.pdf,1,19.69,True,827,6242,Valid,
cmossm.pdf,2,25.1,True,1312,9601,Valid,
cmpsy.pdf,1,21.26,True,1080,7746,Valid,
cmpvy.pdf,1,21.03,True,965,7330,Valid,
cmsasps.pdf,1,20.39,True,885,6298,Valid,
cmsguy.pdf,1,22.41,True,1142,8142,Valid,
cmsrcis.pdf,2,24.89,True,1485,10222,Valid,
cmsrdf.pdf,1,21.19,True,990,7437,Valid,
cmst-acgtnp.pdf,2,25.65,True,1564,11253,Valid,
cmst-sfapinf.pdf,2,24.07,True,1384,10059,Valid,
cmst.pdf,1,20.54,True,836,6592,Valid,
cmstsswd.pdf,1,20.81,True,993,7493,Valid,
cmswca.pdf,1,22.08,True,1073,8026,Valid,
cmuccscs.pdf,2,26.12,True,1611,11395,Valid,
cmwrs.pdf,2,24.85,True,1351,9972,Valid,
cnkgs.pdf,1,20.74,True,970,7581,Valid,
cpfitp.pdf,1,23.51,True,1227,9120,Valid,
cpis.pdf,3,35.17,True,2883,19800,Valid,
cpy.pdf,2,27.45,True,1765,12918,Valid,
cras.pdf,2,24.52,True,1417,10264,Valid,
crs.pdf,2,29.02,True,2131,14916,Valid,
cs-tn.pdf,2,26.76,True,1600,11960,Valid,
csmsu.pdf,2,29.13,True,1867,13697,Valid,
css-nos-st.pdf,3,38.97,True,3295,23098,Valid,
css.pdf,2,23.63,True,1329,9781,Valid,
csspostmsossi.pdf,3,35.15,True,2838,20112,Valid,
csspremsobcsi.pdf,2,24.72,True,1382,9796,Valid,
cssrbl.pdf,2,25.62,True,1571,11960,Valid,
csss copy.pdf,2,25.51,True,1642,11076,Valid,
csss-cus.pdf,2,31.77,True,2346,16512,Valid,
csss.pdf,2,25.51,True,1642,11076,Valid,
csssscspscc.pdf,1,19.86,True,683,5271,Valid,
csy-j copy.pdf,2,25.11,True,1373,9863,Valid,
csy-j.pdf,2,25.11,True,1373,9863,Valid,
csy.pdf,2,25.73,True,1476,10615,Valid,
ctms copy.pdf,3,36.36,True,3182,21750,Valid,
ctms.pdf,3,36.36,True,3182,21750,Valid,
cts.pdf,2,24.28,True,1367,9826,Valid,
cuy.pdf,1,22.56,True,1212,8440,Valid,
cvcis.pdf,2,26.19,True,1517,11059,Valid,
cvsaakbamrsanklsay copy.pdf,1,20.73,True,944,6825,Valid,
cvsaakbamrsanklsay.pdf,1,20.73,True,944,6825,Valid,
cvy-citus.pdf,2,31.36,True,2403,17259,Valid,
cvy-emps.pdf,2,26.62,True,1744,12533,Valid,
cvy-sumcy.pdf,2,28.47,True,1974,14462,Valid,
cwsiass(1).pdf,2,25.77,True,1496,10409,Valid,
cwsiass(2).pdf,2,25.77,True,1496,10409,Valid,
cwsiass.pdf,2,25.77,True,1496,10409,Valid,
da-60ada copy.pdf,1,19.62,True,803,6085,Valid,
da-60ada.pdf,1,19.62,True,803,6085,Valid,
daanbocwwb copy.pdf,1,21.64,True,1076,8143,Valid,
daanbocwwb.pdf,1,21.64,True,1076,8143,Valid,
daay copy.pdf,2,24.42,True,1350,9683,Valid,
daay.pdf,2,24.42,True,1350,9683,Valid,
dacssiselosobcebc copy.pdf,2,24.22,True,1408,10236,Valid,
dacssiselosobcebc.pdf,2,24.22,True,1408,10236,Valid,
dacsspostmsebcs copy.pdf,2,30.45,True,2215,16054,Valid,
dacsspostmsebcs.pdf,2,30.45,True,2215,16054,Valid,
dak copy.pdf,1,23.12,True,1268,9055,Valid,
dak.pdf,1,23.12,True,1268,9055,Valid,
dalit-bandhu copy.pdf,2,31.27,True,2638,18411,Valid,
dalit-bandhu.pdf,2,31.27,True,2638,18411,Valid,
damcyobcs copy.pdf,1,22.09,True,1181,8559,Valid,
damcyobcs.pdf,1,22.09,True,1181,8559,Valid,
damcyscs copy.pdf,1,22.11,True,1177,8591,Valid,
damcyscs.pdf,1,22.11,True,1177,8591,Valid,
dan copy.pdf,1,19.51,True,727,5424,Valid,
dan.pdf,1,19.51,True,727,5424,Valid,
dapjsss copy.pdf,1,21.03,True,899,6830,Valid,
dapjsss.pdf,1,21.03,True,899,6830,Valid,
daps copy.pdf,1,20.7,True,957,6950,Valid,
daps.pdf,1,20.7,True,957,6950,Valid,
darw-hbocwwb copy.pdf,1,19.67,True,782,6101,Valid,
darw-hbocwwb.pdf,1,19.67,True,782,6101,Valid,
darwhbocwwb copy.pdf,1,22.98,True,1282,9146,Valid,
darwhbocwwb.pdf,1,22.98,True,1282,9146,Valid,
darygbocwwb copy.pdf,1,19.15,True,709,5626,Valid,
darygbocwwb.pdf,1,19.15,True,709,5626,Valid,
day-nrlm copy.pdf,3,38.61,True,3227,22959,Valid,
day-nrlm.pdf,3,38.61,True,3227,22959,Valid,
db-gbocwwb copy.pdf,1,21.37,True,1114,8129,Valid,
db-gbocwwb.pdf,1,21.37,True,1114,8129,Valid,
dbabocwwb copy.pdf,1,21.33,True,1060,7962,Valid,
dbabocwwb.pdf,1,21.33,True,1060,7962,Valid,
dbanbocwwb copy.pdf,1,20.78,True,977,7322,Valid,
dbanbocwwb(1) copy.pdf,1,20.78,True,977,7322,Valid,
dbanbocwwb(1).pdf,1,20.78,True,977,7322,Valid,
dbanbocwwb.pdf,1,20.78,True,977,7322,Valid,
dbhs-2bhks copy.pdf,1,22.56,True,1198,7879,Valid,
dbhs-2bhks(1) copy.pdf,1,22.56,True,1198,7879,Valid,
dbhs-2bhks(1).pdf,1,22.56,True,1198,7879,Valid,
dbhs-2bhks.pdf,1,22.56,True,1198,7879,Valid,
dbmbocwwb copy.pdf,1,21.07,True,954,7544,Valid,
dbmbocwwb.pdf,1,21.07,True,954,7544,Valid,
dbramascs copy.pdf,1,21.0,True,888,6684,Valid,
dbramascs.pdf,1,21.0,True,888,6684,Valid,
dbrasa copy.pdf,1,21.36,True,1000,7628,Valid,
dbrasa.pdf,1,21.36,True,1000,7628,Valid,
dbs-pbaocwwb copy.pdf,1,21.14,True,1083,8143,Valid,
dbs-pbaocwwb.pdf,1,21.14,True,1083,8143,Valid,
dbsalhsifc copy.pdf,1,23.99,True,1304,9161,Valid,
dbsalhsifc.pdf,1,23.99,True,1304,9161,Valid,
dbsapbandocwwb copy.pdf,1,19.99,True,834,6143,Valid,
dbsapbandocwwb.pdf,1,19.99,True,834,6143,Valid,
dbsheo copy.pdf,1,20.54,True,1123,7971,Valid,
dbsheo.pdf,1,20.54,True,1123,7971,Valid,
dcaltasg copy.pdf,3,39.24,True,3627,24085,Valid,
dcaltasg.pdf,3,39.24,True,3627,24085,Valid,
dccrcpu-giapsca copy.pdf,1,20.3,True,806,6260,Valid,
dccrcpu-giapsca.pdf,1,20.3,True,806,6260,Valid,
dcgs-pulws copy.pdf,1,21.11,True,1086,8239,Valid,
dcgs-pulws.pdf,1,21.11,True,1086,8239,Valid,
dcpf copy.pdf,1,20.96,True,955,6997,Valid,
dcpf.pdf,1,20.96,True,955,6997,Valid,
dcps copy.pdf,1,19.51,True,732,5696,Valid,
dcps.pdf,1,19.51,True,732,5696,Valid,
ddanwrasi copy.pdf,1,19.53,True,702,5591,Valid,
ddanwrasi.pdf,1,19.53,True,702,5591,Valid,
ddanwrasii copy.pdf,1,19.49,True,735,5845,Valid,
ddanwrasii.pdf,1,19.49,True,735,5845,Valid,
dddps-assam copy.pdf,1,22.81,True,1321,9212,Valid,
dddps-assam.pdf,1,22.81,True,1321,9212,Valid,
dddrs copy.pdf,2,24.49,True,1292,10125,Valid,
dddrs.pdf,2,24.49,True,1292,10125,Valid,
ddkfs copy.pdf,2,24.33,True,1467,10292,Valid,
ddkfs.pdf,2,24.33,True,1467,10292,Valid,
ddmcs copy.pdf,1,17.6,True,571,4224,Valid,
ddmcs.pdf,1,17.6,True,571,4224,Valid,
ddskpdfs copy.pdf,2,27.09,True,1809,12242,Valid,
ddskpdfs.pdf,2,27.09,True,1809,12242,Valid,
ddskrgnrfm copy.pdf,2,28.92,True,1933,13311,Valid,
ddskrgnrfm.pdf,2,28.92,True,1933,13311,Valid,
ddsy copy.pdf,1,23.26,True,1300,9146,Valid,
ddsy.pdf,1,23.26,True,1300,9146,Valid,
ddtmcp copy.pdf,1,20.46,True,897,7054,Valid,
ddtmcp.pdf,1,20.46,True,897,7054,Valid,
dduby copy.pdf,1,20.02,True,911,6787,Valid,
dduby(1) copy.pdf,1,20.02,True,911,6787,Valid,
dduby(1).pdf,1,20.02,True,911,6787,Valid,
dduby.pdf,1,20.02,True,911,6787,Valid,
ddugku copy.pdf,2,23.77,True,1277,9447,Valid,
ddugku.pdf,2,23.77,True,1277,9447,Valid,
ddwps copy.pdf,1,19.79,True,807,6046,Valid,
ddwps.pdf,1,19.79,True,807,6046,Valid,
deisrs copy.pdf,1,20.45,True,958,7242,Valid,
deisrs.pdf,1,20.45,True,958,7242,Valid,
des-sdspdpgc copy.pdf,1,22.57,True,1196,9133,Valid,
des-sdspdpgc.pdf,1,22.57,True,1196,9133,Valid,
dfbs copy.pdf,1,20.52,True,881,6374,Valid,
dfbs.pdf,1,20.52,True,881,6374,Valid,
dfft-scheme copy.pdf,2,25.61,True,1443,10454,Valid,
dfft-scheme.pdf,2,25.61,True,1443,10454,Valid,
dfhsscoebc copy.pdf,1,19.99,True,891,6768,Valid,
dfhsscoebc(1) copy.pdf,1,19.99,True,891,6768,Valid,
dfhsscoebc(1).pdf,1,19.99,True,891,6768,Valid,
dfhsscoebc.pdf,1,19.99,True,891,6768,Valid,
dg-sw copy.pdf,1,21.93,True,986,7681,Valid,
dg-sw.pdf,1,21.93,True,986,7681,Valid,
dgbs-pbaocwwb copy.pdf,1,20.34,True,949,7385,Valid,
dgbs-pbaocwwb.pdf,1,20.34,True,949,7385,Valid,
dgy copy.pdf,1,19.85,True,758,5919,Valid,
dgy.pdf,1,19.85,True,758,5919,Valid,
dicf copy.pdf,2,29.28,True,2131,15836,Valid,
dicf.pdf,2,29.28,True,2131,15836,Valid,
disabled-pension copy.pdf,1,20.51,True,856,6103,Valid,
disabled-pension(1) copy.pdf,1,20.51,True,856,6103,Valid,
disabled-pension(1).pdf,1,20.51,True,856,6103,Valid,
disabled-pension.pdf,1,20.51,True,856,6103,Valid,
dk copy.pdf,1,21.94,True,1285,8675,Valid,
dk.pdf,1,21.94,True,1285,8675,Valid,
dlbe copy.pdf,2,27.08,True,1655,12480,Valid,
dlbe.pdf,2,27.08,True,1655,12480,Valid,
dls copy.pdf,1,22.82,True,1241,8371,Valid,
dls-punjab copy.pdf,2,24.9,True,1352,9392,Valid,
dls-punjab.pdf,2,24.9,True,1352,9392,Valid,
dls.pdf,1,22.82,True,1241,8371,Valid,
dmadls copy.pdf,1,22.43,True,1080,8003,Valid,
dmadls(1) copy.pdf,1,22.43,True,1080,8003,Valid,
dmadls(1).pdf,1,22.43,True,1080,8003,Valid,
dmadls(2) copy.pdf,1,22.43,True,1080,8003,Valid,
dmadls(2).pdf,1,22.43,True,1080,8003,Valid,
dmadls.pdf,1,22.43,True,1080,8003,Valid,
dmcsy copy.pdf,1,17.3,True,439,3712,Valid,
dmcsy.pdf,1,17.3,True,439,3712,Valid,
dmochn copy.pdf,1,18.77,True,600,5018,Valid,
dmochn.pdf,1,18.77,True,600,5018,Valid,
dmrnicmasi copy.pdf,1,19.94,True,867,6724,Valid,
dmrnicmasi.pdf,1,19.94,True,867,6724,Valid,
dmrnicmasii copy.pdf,1,20.03,True,890,6798,Valid,
dmrnicmasii.pdf,1,20.03,True,890,6798,Valid,
doci copy.pdf,1,19.12,True,654,5111,Valid,
doci.pdf,1,19.12,True,654,5111,Valid,
doh copy.pdf,1,19.99,True,832,6288,Valid,
doh.pdf,1,19.99,True,832,6288,Valid,
doits copy.pdf,1,19.52,True,758,5932,Valid,
doits.pdf,1,19.52,True,758,5932,Valid,
dot-pli-scheme copy.pdf,4,43.91,True,4506,29942,Valid,
dot-pli-scheme.pdf,4,43.91,True,4506,29942,Valid,
dp-cmsguy copy.pdf,2,25.0,True,1450,10165,Valid,
dp-cmsguy.pdf,2,25.0,True,1450,10165,Valid,
dp-gbocwwb copy.pdf,1,20.79,True,1000,7542,Valid,
dp-gbocwwb.pdf,1,20.79,True,1000,7542,Valid,
dpabocwwb copy.pdf,2,24.25,True,1305,9806,Valid,
dpabocwwb.pdf,2,24.25,True,1305,9806,Valid,
dpcw copy.pdf,1,22.57,True,1201,8656,Valid,
dpcw.pdf,1,22.57,True,1201,8656,Valid,
dpgsslalgsc copy.pdf,1,21.46,True,866,6466,Valid,
dpgsslalgsc.pdf,1,21.46,True,866,6466,Valid,
dpgsslamgsc copy.pdf,1,22.37,True,1027,7907,Valid,
dpgsslamgsc.pdf,1,22.37,True,1027,7907,Valid,
dpgsslampgdsc copy.pdf,1,22.96,True,1165,8627,Valid,
dpgsslampgdsc.pdf,1,22.96,True,1165,8627,Valid,
dpgsssscl copy.pdf,1,22.7,True,1160,8370,Valid,
dpgsssscl.pdf,1,22.7,True,1160,8370,Valid,
dpiit-is copy.pdf,1,21.94,True,1106,8247,Valid,
dpiit-is.pdf,1,21.94,True,1106,8247,Valid,
dpmbocwwb copy.pdf,2,23.3,True,1160,9228,Valid,
dpmbocwwb.pdf,2,23.3,True,1160,9228,Valid,
dpmsc copy.pdf,1,20.1,True,822,6185,Valid,
dpmsc.pdf,1,20.1,True,822,6185,Valid,
dpmss copy.pdf,1,19.68,True,716,5517,Valid,
dpmss(1) copy.pdf,1,19.68,True,716,5517,Valid,
dpmss(1).pdf,1,19.68,True,716,5517,Valid,
dpmss.pdf,1,19.68,True,716,5517,Valid,
dpps copy.pdf,1,19.01,True,686,5257,Valid,
dpps.pdf,1,19.01,True,686,5257,Valid,
dprw-hbocwwb copy.pdf,2,24.61,True,1390,9986,Valid,
dprw-hbocwwb.pdf,2,24.61,True,1390,9986,Valid,
dpswdwp copy.pdf,1,22.04,True,1177,8125,Valid,
dpswdwp.pdf,1,22.04,True,1177,8125,Valid,
dpwb copy.pdf,1,21.31,True,1018,7557,Valid,
dpwb.pdf,1,21.31,True,1018,7557,Valid,
dpyup copy.pdf,1,19.21,True,702,5267,Valid,
dpyup.pdf,1,19.21,True,702,5267,Valid,
dr copy.pdf,1,21.79,True,962,6949,Valid,
dr.pdf,1,21.79,True,962,6949,Valid,
drfdamt copy.pdf,1,22.29,True,1066,7805,Valid,
drfdamt.pdf,1,22.29,True,1066,7805,Valid,
drpdhma copy.pdf,2,25.42,True,1446,10544,Valid,
drpdhma.pdf,2,25.42,True,1446,10544,Valid,
drs copy.pdf,1,19.29,True,756,5800,Valid,
drs.pdf,1,19.29,True,756,5800,Valid,
ds copy.pdf,1,21.83,True,1027,7633,Valid,
ds-aandn copy.pdf,1,22.2,True,1216,8718,Valid,
ds-aandn.pdf,1,22.2,True,1216,8718,Valid,
ds.pdf,1,21.83,True,1027,7633,Valid,
dsaicmas copy.pdf,1,22.2,True,1118,8231,Valid,
dsaicmas.pdf,1,22.2,True,1118,8231,Valid,
dsc copy.pdf,1,19.59,True,673,5457,Valid,
dsc.pdf,1,19.59,True,673,5457,Valid,
dsctaecc copy.pdf,2,27.14,True,1697,12973,Valid,
dsctaecc.pdf,2,27.14,True,1697,12973,Valid,
dsctar copy.pdf,2,26.85,True,1937,13601,Valid,
dsctar.pdf,2,26.85,True,1937,13601,Valid,
dsctassgcsccm copy.pdf,2,25.94,True,1645,12425,Valid,
dsctassgcsccm.pdf,2,25.94,True,1645,12425,Valid,
dsctawa copy.pdf,2,29.89,True,2339,16203,Valid,
dsctawa.pdf,2,29.89,True,2339,16203,Valid,
dsdais copy.pdf,1,20.48,True,889,6590,Valid,
dsdais.pdf,1,20.48,True,889,6590,Valid,
dspy copy.pdf,1,19.2,True,711,5559,Valid,
dspy.pdf,1,19.2,True,711,5559,Valid,
dsr copy.pdf,1,21.26,True,833,6237,Valid,
dsr.pdf,1,21.26,True,833,6237,Valid,
dsrupdf copy.pdf,2,32.55,True,2493,17510,Valid,
dsrupdf.pdf,2,32.55,True,2493,17510,Valid,
dtlfas copy.pdf,1,20.04,True,818,6279,Valid,
dtlfas.pdf,1,20.04,True,818,6279,Valid,
dtu-cmsguy copy.pdf,1,26.97,True,1986,13144,Valid,
dtu-cmsguy.pdf,1,26.97,True,1986,13144,Valid,
dvps copy.pdf,1,23.18,True,1055,8491,Valid,
dvps.pdf,1,23.18,True,1055,8491,Valid,
dwps copy.pdf,1,20.12,True,960,6926,Valid,
dwps.pdf,1,20.12,True,960,6926,Valid,
dysrhis copy.pdf,2,28.29,True,1886,13579,Valid,
dysrhis.pdf,2,28.29,True,1886,13579,Valid,
e-m copy.pdf,2,28.3,True,2003,14022,Valid,
e-m.pdf,2,28.3,True,2003,14022,Valid,
e-nam.pdf,2,32.33,True,2454,17261,Valid,
e-yuvasbirace-yuvafugs copy.pdf,2,27.16,True,1598,12183,Valid,
e-yuvasbirace-yuvafugs.pdf,2,27.16,True,1598,12183,Valid,
e-yuvasbiraciffpga copy.pdf,2,27.4,True,1731,13645,Valid,
e-yuvasbiraciffpga(1) copy.pdf,2,27.4,True,1731,13645,Valid,
e-yuvasbiraciffpga(1).pdf,2,27.4,True,1731,13645,Valid,
e-yuvasbiraciffpga.pdf,2,27.4,True,1731,13645,Valid,
e-yuvase-yuvac copy.pdf,3,34.65,True,2394,18861,Valid,
e-yuvase-yuvac.pdf,3,34.65,True,2394,18861,Valid,
eaabocwwb copy.pdf,1,21.3,True,994,7723,Valid,
eaabocwwb(1) copy.pdf,1,21.3,True,994,7723,Valid,
eaabocwwb(1).pdf,1,21.3,True,994,7723,Valid,
eaabocwwb.pdf,1,21.3,True,994,7723,Valid,
eaanbocwwb copy.pdf,1,21.74,True,1039,8151,Valid,
eaanbocwwb.pdf,1,21.74,True,1039,8151,Valid,
eacp copy.pdf,1,22.29,True,1096,7873,Valid,
eacp.pdf,1,22.29,True,1096,7873,Valid,
eacpppc copy.pdf,2,24.89,True,1409,10029,Valid,
eacpppc.pdf,2,24.89,True,1409,10029,Valid,
eacvc copy.pdf,1,23.19,True,1295,9337,Valid,
eacvc.pdf,1,23.19,True,1295,9337,Valid,
eacw copy.pdf,1,22.01,True,1043,7773,Valid,
eacw.pdf,1,22.01,True,1043,7773,Valid,
eacwhf-kerala copy.pdf,1,21.33,True,1024,7551,Valid,
eacwhf-kerala.pdf,1,21.33,True,1024,7551,Valid,
eapfdap copy.pdf,1,18.5,True,752,5736,Valid,
eapfdap.pdf,1,18.5,True,752,5736,Valid,
eaphdsgbocwwb copy.pdf,2,26.88,True,1638,12503,Valid,
eaphdsgbocwwb.pdf,2,26.88,True,1638,12503,Valid,
eas-glwb copy.pdf,1,19.78,True,728,5495,Valid,
eas-glwb.pdf,1,19.78,True,728,5495,Valid,
easppsccwrmbocwwb copy.pdf,2,30.69,True,2420,17796,Valid,
easppsccwrmbocwwb.pdf,2,30.69,True,2420,17796,Valid,
easukbocwwb.pdf,2,24.0,True,1249,9630,Valid,
ecdhs copy.pdf,1,20.2,True,804,6474,Valid,
ecdhs.pdf,1,20.2,True,804,6474,Valid,
edftcw copy.pdf,2,25.72,True,1499,10695,Valid,
edftcw.pdf,2,25.72,True,1499,10695,Valid,
edp-dc copy.pdf,1,19.62,True,818,6430,Valid,
edp-dc.pdf,1,19.62,True,818,6430,Valid,
edpedp copy.pdf,1,19.73,True,729,5844,Valid,
edpedp.pdf,1,19.73,True,729,5844,Valid,
edsc-st-wistem copy.pdf,2,27.24,True,1580,11860,Valid,
edsc-st-wistem.pdf,2,27.24,True,1580,11860,Valid,
ef copy.pdf,1,25.33,True,1507,11408,Valid,
ef.pdf,1,25.33,True,1507,11408,Valid,
ehftg copy.pdf,1,19.08,True,714,5205,Valid,
ehftg.pdf,1,19.08,True,714,5205,Valid,
ehsap copy.pdf,2,25.09,True,1369,9857,Valid,
ehsap.pdf,2,25.09,True,1369,9857,Valid,
ehstgs copy.pdf,1,19.53,True,709,5335,Valid,
ehstgs.pdf,1,19.53,True,709,5335,Valid,
ehttg copy.pdf,1,19.46,True,760,5567,Valid,
ehttg.pdf,1,19.46,True,760,5567,Valid,
ei-mesifai copy.pdf,1,22.4,True,1217,9004,Valid,
ei-mesifai-vi copy.pdf,2,25.28,True,1475,10932,Valid,
ei-mesifai-vi.pdf,2,25.28,True,1475,10932,Valid,
ei-mesifai.pdf,1,22.4,True,1217,9004,Valid,
els copy.pdf,1,22.92,True,1188,8675,Valid,
els.pdf,1,22.92,True,1188,8675,Valid,
epcmrs copy.pdf,1,20.18,True,807,6403,Valid,
epcmrs.pdf,1,20.18,True,807,6403,Valid,
epcw copy.pdf,1,22.8,True,1222,8842,Valid,
epcw.pdf,1,22.8,True,1222,8842,Valid,
epy-csts copy.pdf,2,24.45,True,1326,9692,Valid,
epy-csts.pdf,2,24.45,True,1326,9692,Valid,
ersych copy.pdf,1,20.03,True,848,6557,Valid,
ersych.pdf,1,20.03,True,848,6557,Valid,
esdp copy.pdf,2,31.59,True,2260,17044,Valid,
esdp.pdf,2,31.59,True,2260,17044,Valid,
ess copy.pdf,4,43.74,True,4156,30216,Valid,
ess.pdf,4,43.74,True,4156,30216,Valid,
essstj copy.pdf,1,21.75,True,935,7365,Valid,
essstj.pdf,1,21.75,True,935,7365,Valid,
etftcacotdocs.pdf,1,20.23,True,821,6242,Valid,
etsy copy.pdf,1,20.04,True,841,6466,Valid,
etsy.pdf,1,20.04,True,841,6466,Valid,
evgodrsd copy.pdf,2,25.72,True,1726,12446,Valid,
evgodrsd.pdf,2,25.72,True,1726,12446,Valid,
evrmnmasfdopwsi copy.pdf,1,20.51,True,897,6666,Valid,
evrmnmasfdopwsi.pdf,1,20.51,True,897,6666,Valid,
evrmnmasfdopwsii copy.pdf,1,20.96,True,940,7034,Valid,
evrmnmasfdopwsii.pdf,1,20.96,True,940,7034,Valid,
evtala copy.pdf,1,20.96,True,976,7586,Valid,
evtala.pdf,1,20.96,True,976,7586,Valid,
fa-gbocwwb.pdf,1,20.94,True,1047,7681,Valid,
faaadp copy.pdf,1,21.92,True,1156,8506,Valid,
faaadp.pdf,1,21.92,True,1156,8506,Valid,
faabocwwb.pdf,1,20.55,True,880,6947,Valid,
faaca copy.pdf,4,48.37,True,5012,34194,Valid,
faaca.pdf,4,48.37,True,5012,34194,Valid,
faanbocwwb.pdf,1,19.96,True,819,6395,Valid,
fabwaf copy.pdf,1,21.09,True,973,7130,Valid,
fabwaf.pdf,1,21.09,True,973,7130,Valid,
facapabgist copy.pdf,4,50.79,True,5536,37734,Valid,
facapabgist.pdf,4,50.79,True,5536,37734,Valid,
facbocwwb.pdf,1,21.04,True,993,7272,Valid,
faconp copy.pdf,3,34.07,True,2790,19626,Valid,
faconp.pdf,3,34.07,True,2790,19626,Valid,
facpwfrpfvcf copy.pdf,1,23.09,True,1237,8978,Valid,
facpwfrpfvcf.pdf,1,23.09,True,1237,8978,Valid,
facvv-nfch copy.pdf,2,27.04,True,1761,12210,Valid,
facvv-nfch.pdf,2,27.04,True,1761,12210,Valid,
facw.pdf,1,22.89,True,1253,8940,Valid,
fadbtac copy.pdf,2,33.11,True,2622,18771,Valid,
fadbtac.pdf,2,33.11,True,2622,18771,Valid,
fadc-hbocwwb copy.pdf,2,24.78,True,1458,10346,Valid,
fadc-hbocwwb.pdf,2,24.78,True,1458,10346,Valid,
fadcs copy.pdf,2,24.0,True,1317,9427,Valid,
fadcs.pdf,2,24.0,True,1317,9427,Valid,
faddbcbocwwb copy.pdf,2,25.13,True,1488,10830,Valid,
faddbcbocwwb.pdf,2,25.13,True,1488,10830,Valid,
fadse copy.pdf,1,22.06,True,1157,8600,Valid,
fadse.pdf,1,22.06,True,1157,8600,Valid,
fadsp1012e copy.pdf,1,20.81,True,892,6851,Valid,
fadsp1012e.pdf,1,20.81,True,892,6851,Valid,
fae-c copy.pdf,1,21.58,True,1008,7395,Valid,
fae-c.pdf,1,21.58,True,1008,7395,Valid,
fae-gbocwwb copy.pdf,1,20.9,True,1044,7676,Valid,
fae-gbocwwb.pdf,1,20.9,True,1044,7676,Valid,
faecrw-hbocwwb copy.pdf,2,26.68,True,1685,12066,Valid,
faecrw-hbocwwb.pdf,2,26.68,True,1685,12066,Valid,
fafpfrgnrgnwa copy.pdf,1,21.16,True,976,7197,Valid,
fafpfrgnrgnwa.pdf,1,21.16,True,976,7197,Valid,
fafps copy.pdf,1,20.87,True,896,6738,Valid,
fafps.pdf,1,20.87,True,896,6738,Valid,
fafpwsn copy.pdf,2,24.6,True,1310,9487,Valid,
fafpwsn.pdf,2,24.6,True,1310,9487,Valid,
fafspup copy.pdf,1,19.72,True,905,6628,Valid,
fafspup.pdf,1,19.72,True,905,6628,Valid,
fafvrdfparfv copy.pdf,1,21.67,True,1003,7364,Valid,
fafvrdfparfv.pdf,1,21.67,True,1003,7364,Valid,
fafwaf copy.pdf,1,21.86,True,1063,8068,Valid,
fafwaf.pdf,1,21.86,True,1063,8068,Valid,
fagh copy.pdf,1,22.13,True,1145,8189,Valid,
fagh.pdf,1,22.13,True,1145,8189,Valid,
faimcescstc copy.pdf,1,20.24,True,835,6463,Valid,
faimcescstc.pdf,1,20.24,True,835,6463,Valid,
faisbscbc copy.pdf,2,27.05,True,1883,13900,Valid,
faisbscbc.pdf,2,27.05,True,1883,13900,Valid,
fakmfs copy.pdf,1,20.67,True,891,6610,Valid,
fakmfs.pdf,1,20.67,True,891,6610,Valid,
fam-gbocwwb copy.pdf,1,20.92,True,1007,7430,Valid,
fam-gbocwwb.pdf,1,20.92,True,1007,7430,Valid,
famapbandocwwb copy.pdf,1,20.39,True,823,6463,Valid,
famapbandocwwb.pdf,1,20.39,True,823,6463,Valid,
famc-hbocwwb copy.pdf,2,26.0,True,1600,11360,Valid,
famc-hbocwwb.pdf,2,26.0,True,1600,11360,Valid,
famcofg copy.pdf,1,22.19,True,1038,7670,Valid,
famcofg.pdf,1,22.19,True,1038,7670,Valid,
famcw copy.pdf,2,24.22,True,1352,9613,Valid,
famcw.pdf,2,24.22,True,1352,9613,Valid,
famdpwog copy.pdf,2,26.86,True,1836,12164,Valid,
famdpwog.pdf,2,26.86,True,1836,12164,Valid,
fampscb copy.pdf,1,21.32,True,1026,7541,Valid,
fampscb.pdf,1,21.32,True,1026,7541,Valid,
famtw copy.pdf,2,23.91,True,1292,9360,Valid,
famtw.pdf,2,23.91,True,1292,9360,Valid,
fanf-pwd copy.pdf,2,25.94,True,1706,11962,Valid,
fanf-pwd.pdf,2,25.94,True,1706,11962,Valid,
fansgdcs copy.pdf,1,23.56,True,1270,9193,Valid,
fansgdcs.pdf,1,23.56,True,1270,9193,Valid,
faoapstbc copy.pdf,1,20.07,True,810,6104,Valid,
faoapstbc.pdf,1,20.07,True,810,6104,Valid,
faotndodap copy.pdf,1,19.8,True,824,6308,Valid,
faotndodap.pdf,1,19.8,True,824,6308,Valid,
fapbnia copy.pdf,1,20.79,True,924,6738,Valid,
fapbnia.pdf,1,20.79,True,924,6738,Valid,
fapcnfclt26ffiw copy.pdf,1,22.02,True,1063,7742,Valid,
fapcnfclt26ffiw.pdf,1,22.02,True,1063,7742,Valid,
fapfpfoobm copy.pdf,1,21.56,True,1083,7814,Valid,
fapfpfoobm.pdf,1,21.56,True,1083,7814,Valid,
fapgsprg copy.pdf,2,32.66,True,2572,18487,Valid,
fapgsprg.pdf,2,32.66,True,2572,18487,Valid,
faphfts copy.pdf,1,22.95,True,1166,8636,Valid,
faphfts.pdf,1,22.95,True,1166,8636,Valid,
fapllf copy.pdf,1,21.04,True,875,6903,Valid,
fapllf(1) copy.pdf,1,21.04,True,875,6903,Valid,
fapllf(1).pdf,1,21.04,True,875,6903,Valid,
fapllf.pdf,1,21.04,True,875,6903,Valid,
fapmdcbcbocwwb copy.pdf,2,24.65,True,1371,9942,Valid,
fapmdcbcbocwwb.pdf,2,24.65,True,1371,9942,Valid,
fapnw copy.pdf,1,22.38,True,1231,8463,Valid,
fapnw.pdf,1,22.38,True,1231,8463,Valid,
fappsra copy.pdf,2,23.64,True,1286,9465,Valid,
fappsra.pdf,2,23.64,True,1286,9465,Valid,
fapscpspi copy.pdf,1,21.26,True,961,7264,Valid,
fapscpspi.pdf,1,21.26,True,961,7264,Valid,
fapsdhacbocwwb copy.pdf,2,24.84,True,1394,10257,Valid,
fapsdhacbocwwb.pdf,2,24.84,True,1394,10257,Valid,
fapsmcbocwwb copy.pdf,2,24.41,True,1410,10052,Valid,
fapsmcbocwwb.pdf,2,24.41,True,1410,10052,Valid,
fapsna copy.pdf,1,21.33,True,1061,7511,Valid,
fapsna.pdf,1,21.33,True,1061,7511,Valid,
fapsnsrna copy.pdf,1,22.3,True,1106,8163,Valid,
fapsnsrna.pdf,1,22.3,True,1106,8163,Valid,
farfs copy.pdf,1,20.06,True,808,6284,Valid,
farfs.pdf,1,20.06,True,808,6284,Valid,
farmer-insurance.pdf,1,17.94,True,735,4951,Valid,
farppgmc copy.pdf,2,25.47,True,1531,10616,Valid,
farppgmc.pdf,2,25.47,True,1531,10616,Valid,
fas-pbaocwwb.pdf,2,23.58,True,1324,9689,Valid,
fas-pulws.pdf,1,21.39,True,1093,8414,Valid,
fascfr copy.pdf,1,21.95,True,1047,7815,Valid,
fascfr.pdf,1,21.95,True,1047,7815,Valid,
fascssmedcpei copy.pdf,1,21.19,True,951,7493,Valid,
fascssmedcpei.pdf,1,21.19,True,951,7493,Valid,
fasetdp copy.pdf,1,21.79,True,1127,8420,Valid,
fasetdp.pdf,1,21.79,True,1127,8420,Valid,
fasgbocwwb.pdf,1,19.64,True,732,5766,Valid,
fashceescbcs copy.pdf,2,27.29,True,1868,13497,Valid,
fashceescbcs(1) copy.pdf,2,27.29,True,1868,13497,Valid,
fashceescbcs(1).pdf,2,27.29,True,1868,13497,Valid,
fashceescbcs.pdf,2,27.29,True,1868,13497,Valid,
faspalscf copy.pdf,1,21.5,True,963,7313,Valid,
faspalscf.pdf,1,21.5,True,963,7313,Valid,
faspscccsnppsdppie copy.pdf,2,25.51,True,1676,12036,Valid,
faspscccsnppsdppie.pdf,2,25.51,True,1676,12036,Valid,
fasts-gbsy copy.pdf,1,20.41,True,910,6790,Valid,
fasts-gbsy.pdf,1,20.41,True,910,6790,Valid,
fasuccu copy.pdf,1,21.5,True,952,7112,Valid,
fasuccu.pdf,1,21.5,True,952,7112,Valid,
fasuofug copy.pdf,1,22.56,True,1206,8497,Valid,
fasuofug.pdf,1,22.56,True,1206,8497,Valid,
fasuseiahsri-mp copy.pdf,1,20.24,True,935,7409,Valid,
fasuseiahsri-mp.pdf,1,20.24,True,935,7409,Valid,
fatmtfeodap copy.pdf,1,19.06,True,728,5590,Valid,
fatmtfeodap.pdf,1,19.06,True,728,5590,Valid,
fatpomo2t5ffttfc copy.pdf,1,21.69,True,1061,7621,Valid,
fatpomo2t5ffttfc.pdf,1,21.69,True,1061,7621,Valid,
fatpsfha copy.pdf,1,20.4,True,892,6700,Valid,
fatpsfha.pdf,1,20.4,True,892,6700,Valid,
fatuvas copy.pdf,1,21.34,True,931,7116,Valid,
fatuvas.pdf,1,21.34,True,931,7116,Valid,
favct copy.pdf,1,21.67,True,1100,8409,Valid,
favct.pdf,1,21.67,True,1100,8409,Valid,
favia copy.pdf,1,21.69,True,1047,7539,Valid,
favia.pdf,1,21.69,True,1047,7539,Valid,
fawdsddaw copy.pdf,2,26.38,True,1810,11922,Valid,
fawdsddaw.pdf,2,26.38,True,1810,11922,Valid,
fawgav copy.pdf,1,21.39,True,1229,8293,Valid,
fawgav.pdf,1,21.39,True,1229,8293,Valid,
fbascs.pdf,1,21.65,True,1003,7440,Valid,
fbmbocwwb.pdf,1,19.93,True,737,6218,Valid,
fbpmp.pdf,1,20.97,True,916,6849,Valid,
fc-giapswb.pdf,1,19.34,True,708,5676,Valid,
fcds.pdf,1,19.53,True,617,5177,Valid,
fcfswd.pdf,2,24.7,True,1469,10986,Valid,
fcscgsssixssy.pdf,1,18.38,True,595,4621,Valid,
fcssos.pdf,2,29.08,True,2085,14560,Valid,
fcsv.pdf,2,28.74,True,2068,14598,Valid,
fdbcsc.pdf,1,20.18,True,870,6517,Valid,
fdrdap.pdf,1,21.57,True,951,7226,Valid,
fds(1).pdf,1,20.0,True,715,5692,Valid,
fds.pdf,1,20.0,True,715,5692,Valid,
feed-the-seed copy.pdf,2,24.68,True,1530,10715,Valid,
feed-the-seed.pdf,2,24.68,True,1530,10715,Valid,
fesmwpnie.pdf,2,28.3,True,2039,14431,Valid,
ffaapbandocwwb.pdf,1,18.92,True,665,5164,Valid,
ffes copy.pdf,1,21.16,True,847,6933,Valid,
ffes.pdf,1,21.16,True,847,6933,Valid,
ffsfm copy.pdf,2,25.17,True,1347,9688,Valid,
ffsfm.pdf,2,25.17,True,1347,9688,Valid,
fg-sw.pdf,1,22.2,True,1095,8311,Valid,
fgc copy.pdf,1,22.66,True,1189,8923,Valid,
fgc.pdf,1,22.66,True,1189,8923,Valid,
fgrmb-faascdmf copy.pdf,1,21.95,True,1208,9228,Valid,
fgrmb-faascdmf.pdf,1,21.95,True,1208,9228,Valid,
fhdfh.pdf,1,17.96,True,610,4551,Valid,
fimdgc.pdf,1,21.75,True,1111,8131,Valid,
financial-assistance-scheme copy.pdf,5,55.39,True,6121,41993,Valid,
financial-assistance-scheme.pdf,5,55.39,True,6121,41993,Valid,
fmcmp.pdf,1,20.3,True,891,6841,Valid,
fmscspscc.pdf,1,17.32,True,478,3856,Valid,
fmtaspsstc.pdf,1,17.68,True,502,4024,Valid,
fmtsfpwd.pdf,1,21.9,True,1044,7980,Valid,
fmuifdsgc.pdf,1,17.39,True,469,3870,Valid,
fp-gbocwwb copy.pdf,1,21.51,True,1079,7846,Valid,
fp-gbocwwb.pdf,1,21.51,True,1079,7846,Valid,
fpc.pdf,1,18.87,True,573,4838,Valid,
fpktnk copy.pdf,1,21.3,True,794,6023,Valid,
fpktnk.pdf,1,21.3,True,794,6023,Valid,
fpmbocwwb copy.pdf,1,20.37,True,810,6511,Valid,
fpmbocwwb.pdf,1,20.37,True,810,6511,Valid,
frs copy.pdf,1,20.72,True,962,7257,Valid,
frs.pdf,1,20.72,True,962,7257,Valid,
fs.pdf,1,19.82,True,811,6408,Valid,
fsdcwdw copy.pdf,1,20.34,True,993,6993,Valid,
fsdcwdw(1) copy.pdf,1,20.34,True,993,6993,Valid,
fsdcwdw(1).pdf,1,20.34,True,993,6993,Valid,
fsdcwdw.pdf,1,20.34,True,993,6993,Valid,
fseg copy.pdf,2,26.75,True,1699,11875,Valid,
fseg.pdf,2,26.75,True,1699,11875,Valid,
fsmpscsmsgs copy.pdf,1,21.41,True,959,7356,Valid,
fsmpscsmsgs.pdf,1,21.41,True,959,7356,Valid,
fspip.pdf,2,27.99,True,1879,13996,Valid,
fsppv.pdf,1,19.62,True,793,6102,Valid,
fsr copy.pdf,1,22.34,True,1030,7382,Valid,
fsr.pdf,1,22.34,True,1030,7382,Valid,
fsrpp.pdf,1,18.98,True,742,5749,Valid,
fss copy.pdf,1,21.67,True,1106,8591,Valid,
fss.pdf,1,21.67,True,1106,8591,Valid,
fssaiis.pdf,2,26.22,True,1495,10990,Valid,
fssdpp.pdf,1,19.24,True,797,6027,Valid,
ftis copy.pdf,1,19.17,True,671,5504,Valid,
ftis.pdf,1,19.17,True,671,5504,Valid,
ftstbdp.pdf,1,20.37,True,830,6045,Valid,
ftthip.pdf,1,19.0,True,777,6028,Valid,
fwsscstsphe copy.pdf,1,21.25,True,1280,9061,Valid,
fwsscstsphe.pdf,1,21.25,True,1280,9061,Valid,
gaoah.pdf,1,21.42,True,1126,7863,Valid,
gas.pdf,2,25.19,True,1500,10544,Valid,
gascstpsfcad.pdf,1,19.55,True,894,6158,Valid,
gbs.pdf,1,20.75,True,799,6080,Valid,
gbsy.pdf,1,20.69,True,850,6655,Valid,
gccsa-dc copy.pdf,1,19.59,True,793,6166,Valid,
gccsa-dc.pdf,1,19.59,True,793,6166,Valid,
gcrsp-p2 copy.pdf,2,29.72,True,2033,14393,Valid,
gcrsp-p2.pdf,2,29.72,True,2033,14393,Valid,
gefm-mesifai-sa-msme copy.pdf,1,21.11,True,1103,8152,Valid,
gefm-mesifai-sa-msme.pdf,1,21.11,True,1103,8152,Valid,
gfadap.pdf,1,21.41,True,953,7245,Valid,
gfaffeoadp.pdf,1,19.1,True,761,5928,Valid,
gfampmblpl.pdf,1,22.8,True,1278,9277,Valid,
gfapphoogcws81s.pdf,1,21.63,True,1133,8038,Valid,
gfaprp.pdf,1,20.24,True,1010,7690,Valid,
gfapscplw.pdf,1,20.82,True,1011,7550,Valid,
gfaptnsgciwe-glwb.pdf,1,20.53,True,953,7406,Valid,
gfasgciwes1t4ssosu.pdf,1,20.81,True,1069,7672,Valid,
gfsdapomv.pdf,1,21.97,True,1072,7840,Valid,
ggay.pdf,1,18.22,True,670,4941,Valid,
gghas.pdf,2,24.0,True,1267,9339,Valid,
ggs-glwb.pdf,1,21.31,True,920,6918,Valid,
ggssgbocwwb.pdf,1,21.98,True,1058,7847,Valid,
ggssnc-goa.pdf,1,21.06,True,1087,7868,Valid,
ggtwsgbocwwb.pdf,1,21.05,True,1011,7677,Valid,
gh.pdf,1,22.67,True,1057,7677,Valid,
ghcsscp.pdf,1,20.19,True,814,6532,Valid,
ghfwwgs.pdf,1,21.63,True,1075,7877,Valid,
ghpklsy.pdf,1,21.62,True,1022,7721,Valid,
ghs-pudu copy.pdf,1,20.72,True,940,7338,Valid,
ghs-pudu.pdf,1,20.72,True,940,7338,Valid,
giaiacinpsc copy.pdf,1,19.86,True,863,6581,Valid,
giaiacinpsc.pdf,1,19.86,True,863,6581,Valid,
giango.pdf,1,21.11,True,886,7185,Valid,
giaspfammwshg.pdf,2,23.66,True,1304,9636,Valid,
giatb.pdf,1,19.79,True,750,5670,Valid,
giatngorhcavpusd.pdf,1,22.74,True,1154,8381,Valid,
giatprbm.pdf,1,21.55,True,1098,7966,Valid,
giceis.pdf,1,23.0,True,1184,8529,Valid,
gidapge.pdf,1,20.42,True,865,6545,Valid,
gifogc-fp.pdf,1,22.17,True,1293,9079,Valid,
gimbdapnp.pdf,1,21.27,True,940,7604,Valid,
gimdap.pdf,1,22.99,True,1129,8641,Valid,
gitanjali-housing(1).pdf,2,30.38,True,2367,16437,Valid,
gitanjali-housing.pdf,2,30.38,True,2367,16437,Valid,
gkb.pdf,1,18.76,True,609,4548,Valid,
gkccsy.pdf,1,19.34,True,735,5820,Valid,
gks.pdf,1,19.84,True,817,6128,Valid,
gmawd.pdf,1,21.44,True,1064,7726,Valid,
gmgmach.pdf,1,19.67,True,761,5833,Valid,
gmkhsps.pdf,1,19.34,True,750,5807,Valid,
gmmacl-dc copy.pdf,1,20.22,True,864,6794,Valid,
gmmacl-dc.pdf,1,20.22,True,864,6794,Valid,
gmmacl-ds copy.pdf,1,20.54,True,933,6999,Valid,
gmmacl-ds.pdf,1,20.54,True,933,6999,Valid,
gmwesnil-sw.pdf,1,21.82,True,1069,8040,Valid,
gnc.pdf,1,21.4,True,1008,7572,Valid,
gny.pdf,1,19.92,True,897,6486,Valid,
gobardhan.pdf,2,27.04,True,1715,12817,Valid,
goc.pdf,3,37.33,True,3493,24492,Valid,
gopinath-munde-shetkari-apghat-suraksha-sanugrah-audhan-yojana.pdf,2,25.75,True,1583,10556,Valid,
gpabocwwb.pdf,2,23.67,True,1333,9547,Valid,
gpaiscw.pdf,1,22.25,True,1195,8297,Valid,
gpmsup.pdf,1,20.26,True,797,6492,Valid,
gps.pdf,2,23.64,True,1286,9391,Valid,
gpt-hbocwwb.pdf,1,21.85,True,1126,8025,Valid,
gpwrtcw.pdf,1,22.85,True,1289,8993,Valid,
gpy.pdf,1,18.96,True,726,5084,Valid,
gqcrc.pdf,2,24.26,True,1270,9901,Valid,
grama-jyothi.pdf,2,29.75,True,2319,16448,Valid,
grants-in-aid-to-scst-patients.pdf,1,21.67,True,1283,9002,Valid,
gras.pdf,1,21.93,True,1222,8813,Valid,
grsscgs.pdf,1,20.81,True,1046,7615,Valid,
gs-mesifai copy.pdf,1,21.98,True,1149,8694,Valid,
gs-mesifai-vi copy.pdf,2,26.01,True,1654,12219,Valid,
gs-mesifai-vi.pdf,2,26.01,True,1654,12219,Valid,
gs-mesifai.pdf,1,21.98,True,1149,8694,Valid,
gs-tn.pdf,1,21.03,True,940,6866,Valid,
gs-west-bengal.pdf,1,21.38,True,939,6856,Valid,
gsblbla.pdf,1,22.26,True,1263,8822,Valid,
gsca.pdf,2,24.69,True,1410,9746,Valid,
gscai.pdf,1,21.62,True,1107,8141,Valid,
gsdat.pdf,1,20.06,True,837,6501,Valid,
gsdatvti.pdf,1,20.65,True,898,7042,Valid,
gsgos.pdf,1,19.28,True,766,5726,Valid,
gshhs.pdf,1,18.86,True,696,5177,Valid,
gshtn.pdf,1,20.15,True,839,6610,Valid,
gsis-icfsfpu.pdf,1,20.31,True,924,7073,Valid,
gsp.pdf,1,20.23,True,933,6753,Valid,
gspaa-dfwasaofbc.pdf,1,22.43,True,1161,8363,Valid,
gspmbws.pdf,1,19.93,True,855,6527,Valid,
gspmsfv.pdf,1,22.1,True,1226,8701,Valid,
gspv(1).pdf,1,21.38,True,1114,8187,Valid,
gspv.pdf,1,21.38,True,1114,8187,Valid,
gsrmp-dc copy.pdf,1,19.41,True,760,6036,Valid,
gsrmp-dc.pdf,1,19.41,True,760,6036,Valid,
gssa-ds copy.pdf,1,19.4,True,814,6353,Valid,
gssa-ds.pdf,1,19.4,True,814,6353,Valid,
gssby.pdf,1,20.78,True,920,6999,Valid,
gssvhhi.pdf,1,20.28,True,871,6812,Valid,
gssy.pdf,2,25.26,True,1462,10524,Valid,
gstecs.pdf,1,22.1,True,1213,8491,Valid,
gsvsps.pdf,1,21.2,True,880,6802,Valid,
gtadap.pdf,1,20.86,True,925,6934,Valid,
gtegp.pdf,2,28.97,True,1893,13827,Valid,
gtvtswsawwws.pdf,2,27.75,True,1872,14008,Valid,
gva.pdf,1,22.29,True,1175,8700,Valid,
gvatbshsdocfvs.pdf,1,21.41,True,993,7152,Valid,
gvmccgs.pdf,1,22.1,True,1193,8417,Valid,
gwpss.pdf,2,23.3,True,1464,9948,Valid,
gws.pdf,1,18.92,True,542,4178,Valid,
gwwh.pdf,1,19.61,True,849,6316,Valid,
hag-sw.pdf,1,21.94,True,1093,8052,Valid,
haps.pdf,1,19.43,True,769,5798,Valid,
haritha-haram.pdf,2,30.58,True,2482,18094,Valid,
hascmcwgbocwwb.pdf,1,17.97,True,571,4711,Valid,
hasukbocwwb.pdf,1,21.73,True,1034,7727,Valid,
hc-uabocwwb.pdf,1,22.09,True,1117,8591,Valid,
hdps.pdf,1,21.97,True,1061,7649,Valid,
hea.pdf,1,19.53,True,721,5641,Valid,
hefas-pbaocwwb.pdf,2,23.83,True,1318,9959,Valid,
hepsn copy.pdf,2,26.31,True,1653,12454,Valid,
hepsn.pdf,2,26.31,True,1653,12454,Valid,
hesdgs.pdf,2,26.9,True,1820,12810,Valid,
hfta-giapsca.pdf,1,20.24,True,785,5931,Valid,
hhjmhhst.pdf,1,19.48,True,790,5994,Valid,
hiai.pdf,1,21.46,True,1012,7597,Valid,
hiip.pdf,1,22.19,True,1177,8323,Valid,
himayat.pdf,2,27.71,True,1663,11683,Valid,
himcare.pdf,2,28.13,True,1845,13857,Valid,
hkpy.pdf,2,26.79,True,1652,11387,Valid,
hksadmmyghkdms.pdf,1,22.21,True,1123,7850,Valid,
hliss-glwb.pdf,1,21.07,True,916,6762,Valid,
hmcc.pdf,1,21.71,True,1039,7975,Valid,
hmcpf copy.pdf,1,22.22,True,1053,7813,Valid,
hmcpf.pdf,1,22.22,True,1053,7813,Valid,
hmdg.pdf,1,20.8,True,861,6778,Valid,
hmneh.pdf,1,21.12,True,886,7025,Valid,
hpmfd.pdf,1,20.54,True,915,6842,Valid,
hpmvssp.pdf,2,25.31,True,1689,12369,Valid,
hposec.pdf,1,20.8,True,1044,7672,Valid,
hpsitc.pdf,1,19.41,True,718,5750,Valid,
hpsjmmssgs.pdf,2,26.89,True,1860,12759,Valid,
hr-hrr.pdf,2,23.98,True,1329,9407,Valid,
hriday.pdf,1,22.2,True,1160,9176,Valid,
hs.pdf,1,19.81,True,925,7114,Valid,
hsjps.pdf,2,25.47,True,1614,11058,Valid,
hss.pdf,1,22.48,True,1116,8187,Valid,
hssgbocwwb.pdf,2,24.32,True,1380,10058,Valid,
htagchrt-2.pdf,1,22.16,True,984,7796,Valid,
htaschrt4.pdf,1,22.22,True,989,7865,Valid,
htasthrt3.pdf,1,22.2,True,993,7858,Valid,
hvcp.pdf,1,21.53,True,1019,7571,Valid,
iaf.pdf,2,24.43,True,1305,9937,Valid,
iaicmc.pdf,1,22.24,True,1074,7827,Valid,
iamanak.pdf,2,30.79,True,2038,14761,Valid,
iamdp.pdf,2,23.81,True,1427,9574,Valid,
iaris.pdf,2,28.73,True,2178,14339,Valid,
iasirfa-sw.pdf,1,21.6,True,1012,7907,Valid,
iasri-scholarship.pdf,2,26.7,True,1707,12124,Valid,
iatc(1).pdf,1,18.04,True,511,4555,Valid,
iatc.pdf,1,18.04,True,511,4555,Valid,
iats.pdf,1,22.67,True,1104,8342,Valid,
ibrs.pdf,1,23.19,True,1169,9176,Valid,
icar-ep.pdf,2,25.54,True,1545,11205,Valid,
icar-es.pdf,2,27.89,True,2176,14893,Valid,
icar-jrf-pgs.pdf,2,26.71,True,1366,9926,Valid,
icar-npanf.pdf,3,35.95,True,3166,22034,Valid,
icar-pms-scstc.pdf,1,23.04,True,1279,9311,Valid,
icar-pmsssstc.pdf,1,20.62,True,1113,7875,Valid,
icar-srf-pgs.pdf,2,26.25,True,1413,10416,Valid,
icdpsva-srgu.pdf,2,25.77,True,1336,10272,Valid,
icds-chandigarh.pdf,1,19.68,True,713,5508,Valid,
icdss.pdf,1,19.77,True,829,6213,Valid,
icmr-jrf.pdf,3,36.54,True,3273,21864,Valid,
icmr-pdf.pdf,2,27.26,True,1572,11612,Valid,
icms.pdf,1,18.62,True,730,5529,Valid,
icps.pdf,1,21.84,True,1109,8260,Valid,
icroaip.pdf,2,25.03,True,1384,10227,Valid,
ics-cbfte.pdf,2,27.0,True,1721,12755,Valid,
ics-mda copy.pdf,3,34.16,True,2705,20653,Valid,
ics-mda.pdf,3,34.16,True,2705,20653,Valid,
icwf.pdf,2,24.95,True,1256,9780,Valid,
idcm.pdf,1,20.88,True,954,7235,Valid,
idex.pdf,4,44.85,True,4253,29176,Valid,
ids-mesifa-cii copy.pdf,2,26.74,True,1645,12354,Valid,
ids-mesifa-cii.pdf,2,26.74,True,1645,12354,Valid,
ied.pdf,1,21.16,True,971,7239,Valid,
ies.pdf,2,23.94,True,1220,9720,Valid,
ifbpdap.pdf,1,20.38,True,872,6580,Valid,
iflcbocwwb copy.pdf,2,24.98,True,1466,10431,Valid,
iflcbocwwb.pdf,2,24.98,True,1466,10431,Valid,
ifmws.pdf,1,18.93,True,657,5332,Valid,
iftsm.pdf,1,21.46,True,1144,8383,Valid,
igndps-sikkim.pdf,1,20.91,True,952,6961,Valid,
igndps.pdf,1,19.96,True,696,5326,Valid,
igndpstn.pdf,1,20.92,True,983,7032,Valid,
ignoaps-sikkim.pdf,1,22.74,True,1298,8893,Valid,
ignoapstn.pdf,1,20.38,True,987,7028,Valid,
ignsap(1).pdf,1,20.49,True,1116,7770,Valid,
ignsap.pdf,1,20.49,True,1116,7770,Valid,
ignvpy.pdf,1,19.25,True,715,5354,Valid,
ignvpyr.pdf,1,20.2,True,746,5474,Valid,
ignvpyrr.pdf,1,20.26,True,814,5914,Valid,
ignwps-sikkim.pdf,1,21.09,True,1002,7135,Valid,
ignwps.pdf,1,18.91,True,613,4639,Valid,
ignwpsmp.pdf,1,19.87,True,800,5988,Valid,
ignwpstn.pdf,1,20.48,True,990,7019,Valid,
igsccy.pdf,1,20.26,True,849,6422,Valid,
igstcif-pdif.pdf,2,26.93,True,1686,12882,Valid,
igstcifphdief.pdf,2,26.71,True,1622,12469,Valid,
igucy.pdf,1,21.94,True,978,7396,Valid,
ihd.pdf,2,24.66,True,1259,9573,Valid,
iirps copy.pdf,2,24.15,True,1160,9132,Valid,
iirps.pdf,2,24.15,True,1160,9132,Valid,
imspeksyrc.pdf,1,21.74,True,1016,7176,Valid,
imspeksyrcr.pdf,1,21.4,True,918,6801,Valid,
imspesy copy.pdf,1,22.67,True,1096,7946,Valid,
imspesy.pdf,1,22.67,True,1096,7946,Valid,
indagff.pdf,2,25.37,True,1378,10314,Valid,
infs-mesifai copy.pdf,2,24.68,True,1397,10578,Valid,
infs-mesifai.pdf,2,24.68,True,1397,10578,Valid,
inspire-f.pdf,3,36.32,True,2830,20184,Valid,
inspire-ff.pdf,2,29.51,True,1953,14601,Valid,
inspire-i.pdf,2,29.59,True,2098,14694,Valid,
inspire-she.pdf,2,28.32,True,1670,12250,Valid,
intss.pdf,1,22.53,True,1280,8957,Valid,
ioaibfcpbic.pdf,1,22.46,True,1161,8358,Valid,
iocfortc.pdf,1,19.42,True,868,6245,Valid,
ip-mea.pdf,2,28.93,True,2012,13327,Valid,
ipatipo.pdf,1,21.9,True,1086,7890,Valid,
ipdop.pdf,1,21.33,True,1033,7712,Valid,
ipiccr.pdf,2,27.03,True,1706,12187,Valid,
ipiwai.pdf,2,24.06,True,1321,9395,Valid,
ipm copy.pdf,1,19.43,True,704,5738,Valid,
ipm.pdf,1,19.43,True,704,5738,Valid,
ipmptb.pdf,2,24.97,True,1425,10865,Valid,
ipmwcd.pdf,2,25.76,True,1356,10099,Valid,
ipr.pdf,1,21.79,True,958,7832,Valid,
iprrs.pdf,2,27.04,True,1765,12151,Valid,
ipsfiomca.pdf,1,22.9,True,1193,9020,Valid,
ipt copy.pdf,1,22.51,True,1119,8332,Valid,
ipt.pdf,1,22.51,True,1119,8332,Valid,
ipwccb.pdf,1,22.33,True,1198,8656,Valid,
ira-wrflsncs copy.pdf,1,23.37,True,1310,9332,Valid,
ira-wrflsncs.pdf,1,23.37,True,1310,9332,Valid,
irdpp-rihrdu.pdf,2,28.1,True,1871,13306,Valid,
is-dea.pdf,2,23.96,True,1313,9657,Valid,
is-mesifai copy.pdf,2,23.81,True,1307,9937,Valid,
is-mesifai-vi copy.pdf,2,25.39,True,1544,11339,Valid,
is-mesifai-vi.pdf,2,25.39,True,1544,11339,Valid,
is-mesifai.pdf,2,23.81,True,1307,9937,Valid,
is.pdf,1,21.59,True,1052,7815,Valid,
isa copy.pdf,1,20.61,True,958,7155,Valid,
isa.pdf,1,20.61,True,958,7155,Valid,
isac.pdf,2,26.24,True,1458,11357,Valid,
isbadp copy.pdf,1,21.49,True,1111,8634,Valid,
isbadp.pdf,1,21.49,True,1111,8634,Valid,
iscwr.pdf,1,21.71,True,1172,8450,Valid,
isdane(1).pdf,2,26.08,True,1826,13401,Valid,
isdane.pdf,2,26.08,True,1826,13401,Valid,
isdmtpp.pdf,2,25.09,True,1365,10814,Valid,
isds.pdf,2,27.3,True,1712,11955,Valid,
isec copy.pdf,1,20.35,True,885,6781,Valid,
isec(1) copy.pdf,1,20.35,True,885,6781,Valid,
isec(1).pdf,1,20.35,True,885,6781,Valid,
isec.pdf,1,20.35,True,885,6781,Valid,
isepfo.pdf,2,26.78,True,1708,12334,Valid,
isepqisrdceoplccn.pdf,1,22.76,True,1190,8904,Valid,
islaaa copy.pdf,1,22.22,True,1070,8187,Valid,
islaaa.pdf,1,22.22,True,1070,8187,Valid,
ismole.pdf,1,22.36,True,1189,8399,Valid,
ismwcd.pdf,2,24.28,True,1310,9628,Valid,
ispgrsdgtr.pdf,1,22.01,True,1175,8530,Valid,
isrs copy.pdf,1,23.26,True,1289,8844,Valid,
isrs.pdf,1,23.26,True,1289,8844,Valid,
iss-goa copy.pdf,1,22.63,True,1263,9043,Valid,
iss-goa.pdf,1,22.63,True,1263,9043,Valid,
isscpswhse.pdf,2,24.41,True,1373,9767,Valid,
issfb.pdf,1,18.92,True,724,5372,Valid,
isss-oap.pdf,1,20.91,True,977,7079,Valid,
isss-pot.pdf,1,20.18,True,859,6384,Valid,
isss-ppcp.pdf,1,20.68,True,885,6580,Valid,
isss-wid.pdf,1,21.11,True,971,7140,Valid,
isuidai.pdf,2,28.18,True,1903,13315,Valid,
iteams.pdf,1,20.14,True,696,5578,Valid,
itg.pdf,1,18.74,True,644,4962,Valid,
itiscbic.pdf,2,24.14,True,1387,9695,Valid,
itpp-mesifai-sa-msme copy.pdf,1,20.89,True,1085,7937,Valid,
itpp-mesifai-sa-msme.pdf,1,20.89,True,1085,7937,Valid,
iu-sss-ner.pdf,2,27.81,True,1741,12404,Valid,
ivri-is.pdf,2,29.81,True,2103,15412,Valid,
iwr.pdf,1,22.26,True,1184,8395,Valid,
jav.pdf,2,25.53,True,1431,10077,Valid,
jbmpvy.pdf,2,28.32,True,2000,14052,Valid,
jc.pdf,2,27.27,True,1546,11058,Valid,
jcbs.pdf,2,26.29,True,1599,11255,Valid,
jh.pdf,1,21.32,True,892,6393,Valid,
jjais.pdf,1,22.45,True,1280,8904,Valid,
jjm.pdf,1,21.94,True,1124,8336,Valid,
jjoaps.pdf,1,19.88,True,812,6014,Valid,
jms-11and12.pdf,2,29.22,True,2138,14697,Valid,
jmws-assam.pdf,1,23.95,True,1460,11012,Valid,
jnkmdsy.pdf,2,26.33,True,1564,11304,Valid,
jpsky(1).pdf,1,21.61,True,1032,7557,Valid,
jpsky.pdf,1,21.61,True,1032,7557,Valid,
jrcpc.pdf,1,23.38,True,1171,8693,Valid,
jrfbio.pdf,1,20.45,True,1027,7480,Valid,
jrfrafn.pdf,2,26.16,True,1555,11046,Valid,
jrfshss.pdf,2,25.69,True,1480,10656,Valid,
jrfst.pdf,2,27.92,True,1913,13268,Valid,
jrmbs.pdf,1,23.32,True,1199,8309,Valid,
js-esdcv.pdf,1,22.41,True,1161,8211,Valid,
jssk.pdf,1,18.82,True,689,5281,Valid,
jsy.pdf,2,24.47,True,1423,9602,Valid,
jt.pdf,1,24.36,True,1250,9228,Valid,
jvk.pdf,1,21.31,True,1069,7436,Valid,
jvvd.pdf,2,28.48,True,1899,13816,Valid,
jws.pdf,1,22.26,True,1127,8211,Valid,
k-biref.pdf,1,22.76,True,1024,8086,Valid,
k-pudu.pdf,1,21.14,True,923,7059,Valid,
kalia.pdf,2,27.24,True,1793,12714,Valid,
kalias.pdf,2,27.31,True,1815,13094,Valid,
kapy(1).pdf,2,23.74,True,1384,9627,Valid,
kapy.pdf,2,23.74,True,1384,9627,Valid,
karpy.pdf,2,25.73,True,1562,10817,Valid,
kbbmcss.pdf,1,20.61,True,970,6667,Valid,
kbky.pdf,1,19.61,True,704,5619,Valid,
kbnmy.pdf,1,21.26,True,983,7167,Valid,
kbpyy.pdf,1,21.57,True,996,7545,Valid,
kbs.pdf,2,24.37,True,1380,9702,Valid,
kbvhsusy.pdf,1,19.58,True,734,5705,Valid,
kcc.pdf,2,29.54,True,2148,14391,Valid,
kccy.pdf,1,21.74,True,1016,7667,Valid,
kcr-nutrition-kit.pdf,2,23.86,True,1383,10000,Valid,
kdky.pdf,1,22.3,True,1284,8384,Valid,
kdpckv.pdf,1,18.51,True,561,4523,Valid,
kgp-goa.pdf,1,22.58,True,1262,9103,Valid,
kkjby.pdf,1,20.78,True,848,6101,Valid,
kkt.pdf,1,21.97,True,944,6913,Valid,
kky.pdf,1,21.56,True,999,7203,Valid,
klp.pdf,1,22.52,True,1221,8751,Valid,
klpbs.pdf,1,21.64,True,841,6304,Valid,
km.pdf,2,24.42,True,1623,11551,Valid,
kmys2016.pdf,1,20.06,True,911,6692,Valid,
kpdgbcpd.pdf,1,20.72,True,957,7202,Valid,
kps.pdf,2,25.1,True,1530,10437,Valid,
kpy.pdf,1,19.66,True,773,5716,Valid,
kpymp.pdf,1,18.66,True,585,4864,Valid,
ks.pdf,1,19.75,True,843,5914,Valid,
kscbocwwb.pdf,2,24.75,True,1423,10239,Valid,
kscste-ess.pdf,2,24.59,True,1224,9559,Valid,
kscstep-dfp.pdf,2,27.99,True,1740,13098,Valid,
kscsterf.pdf,2,28.95,True,2032,14549,Valid,
ksdcs.pdf,2,26.04,True,1509,10956,Valid,
ksetsy.pdf,1,19.53,True,786,6005,Valid,
ksis.pdf,2,27.63,True,1615,12242,Valid,
ksmsmerrs.pdf,2,32.71,True,2673,18176,Valid,
kss.pdf,1,20.56,True,1013,7169,Valid,
kssugbocwwb.pdf,1,20.73,True,969,7078,Valid,
kssy.pdf,2,25.55,True,1527,10363,Valid,
ksy.pdf,1,21.61,True,1115,7781,Valid,
ksych.pdf,1,17.8,True,507,4051,Valid,
ksysa.pdf,1,22.84,True,1227,8869,Valid,
kt.pdf,1,21.87,True,991,7034,Valid,
kuy-movcdner(1).pdf,3,38.27,True,3370,24167,Valid,
kuy-movcdner(2).pdf,3,38.27,True,3370,24167,Valid,
kuy-movcdner.pdf,3,38.27,True,3370,24167,Valid,
kv.pdf,1,19.33,True,645,4748,Valid,
kvdgssy.pdf,1,21.47,True,1070,7818,Valid,
kvps.pdf,2,28.0,True,2275,14060,Valid,
kvsy.pdf,2,25.45,True,1762,11490,Valid,
kvy.pdf,1,19.21,True,707,5595,Valid,
ky-smsp.pdf,4,42.33,True,4139,28649,Valid,
ky.pdf,1,23.25,True,1203,8778,Valid,
kyp.pdf,2,28.84,True,2029,14026,Valid,
l50ss.pdf,1,21.16,True,1061,7488,Valid,
labs-glwb.pdf,1,20.92,True,875,6641,Valid,
larlbas.pdf,1,21.47,True,1066,7659,Valid,
larlbasdaap.pdf,2,23.95,True,1331,9623,Valid,
lascscpt.pdf,2,25.79,True,1535,10765,Valid,
lascvjs.pdf,2,24.05,True,1350,9299,Valid,
lbs-wb.pdf,1,22.25,True,1220,8622,Valid,
lbs.pdf,2,25.7,True,1624,10531,Valid,
lbssf-els.pdf,1,21.72,True,955,7230,Valid,
lbssf-gtl.pdf,1,22.29,True,1034,7833,Valid,
lbssk-sms.pdf,1,22.38,True,1058,7982,Valid,
lbssk-spuct.pdf,1,21.02,True,877,6666,Valid,
lbssk-suy.pdf,1,23.06,True,1120,8312,Valid,
lbsspy.pdf,1,18.29,True,650,4812,Valid,
lbuars.pdf,2,25.92,True,1730,11776,Valid,
lcta.pdf,1,21.25,True,1003,7648,Valid,
lels.pdf,1,21.8,True,1133,8139,Valid,
lgss.pdf,1,21.85,True,1115,7942,Valid,
lhadc.pdf,1,20.42,True,852,6802,Valid,
lkdss.pdf,1,20.39,True,867,6764,Valid,
llbip.pdf,1,23.75,True,1251,9132,Valid,
lls-g.pdf,2,30.98,True,2541,17185,Valid,
lly.pdf,1,21.38,True,1189,7893,Valid,
lmmls.pdf,1,22.1,True,1171,8056,Valid,
lpaiis.pdf,3,36.46,True,2924,21327,Valid,
lpas-glwb.pdf,1,20.98,True,883,6545,Valid,
lps.pdf,1,22.17,True,1112,7880,Valid,
lpsup.pdf,1,18.54,True,654,4954,Valid,
lpt-gbocwwb.pdf,1,20.77,True,1021,7467,Valid,
lpwtcw.pdf,2,23.76,True,1320,9210,Valid,
lrsgd.pdf,2,24.52,True,1454,9884,Valid,
lrss.pdf,2,25.76,True,1574,10883,Valid,
ls.pdf,1,22.5,True,1123,8524,Valid,
lsmfdfbp.pdf,2,25.39,True,1526,10624,Valid,
lssas.pdf,2,25.79,True,1620,11299,Valid,
ltas.pdf,1,17.66,True,565,4419,Valid,
ltfhrdphr.pdf,2,30.11,True,2153,15605,Valid,
ltmbocwwb.pdf,2,24.05,True,1279,9589,Valid,
ltpts.pdf,2,25.34,True,1507,10883,Valid,
lts.pdf,1,21.95,True,1119,8131,Valid,
lvc.pdf,1,21.75,True,1122,8009,Valid,
ma-abocwwb.pdf,2,25.48,True,1455,11019,Valid,
ma-anbocwwb.pdf,1,21.25,True,992,7696,Valid,
ma-gbocwwb.pdf,1,21.29,True,1110,7983,Valid,
ma-maha.pdf,1,21.96,True,1188,8626,Valid,
ma-pbaocwwb.pdf,2,25.03,True,1477,11089,Valid,
ma.pdf,1,21.23,True,1002,7211,Valid,
maabocwwb.pdf,2,23.11,True,1219,9222,Valid,
maanbocwwb.pdf,1,22.68,True,1218,9168,Valid,
maapbandocwwb.pdf,1,20.22,True,869,6500,Valid,
maay.pdf,1,21.54,True,1210,8664,Valid,
maayu.pdf,1,19.26,True,642,5101,Valid,
mabay.pdf,1,18.86,True,692,5098,Valid,
mabcstss(1).pdf,1,20.11,True,886,6540,Valid,
mabcstss.pdf,1,20.11,True,886,6540,Valid,
madawp-ii.pdf,1,21.62,True,1022,7451,Valid,
maddapp-i.pdf,1,22.13,True,1142,8380,Valid,
madilu.pdf,1,21.35,True,986,8071,Valid,
madp.pdf,1,22.4,True,1193,8471,Valid,
mafcw.pdf,2,24.49,True,1355,9684,Valid,
maflap.pdf,1,20.46,True,874,6832,Valid,
mafpawmd.pdf,1,20.66,True,877,7009,Valid,
maftcw.pdf,1,23.09,True,1290,9226,Valid,
makats(1).pdf,2,26.72,True,1647,11618,Valid,
makats.pdf,2,26.72,True,1647,11618,Valid,
makimstc.pdf,1,19.54,True,736,5857,Valid,
makssy.pdf,1,19.51,True,786,6083,Valid,
maky.pdf,2,25.86,True,1529,11158,Valid,
malmtc.pdf,1,21.65,True,1010,7664,Valid,
mamata.pdf,1,18.89,True,645,4965,Valid,
mambocwwb.pdf,1,22.55,True,1141,9001,Valid,
manf.pdf,2,24.6,True,1434,10189,Valid,
maps.pdf,1,19.76,True,853,6245,Valid,
marriage-of-daughter-of-sc-widow copy.pdf,1,19.94,True,802,6134,Valid,
marriage-of-daughter-of-sc-widow.pdf,1,19.94,True,802,6134,Valid,
marvs.pdf,2,24.08,True,1294,9601,Valid,
mas-glwb.pdf,1,19.74,True,753,5751,Valid,
mas-pbaocwwb.pdf,2,23.96,True,1306,9648,Valid,
masgbocwwb.pdf,2,23.68,True,1263,9819,Valid,
masglwb.pdf,1,20.3,True,833,6326,Valid,
maspsy.pdf,1,18.85,True,644,5120,Valid,
mat-pbaocwwb.pdf,2,25.45,True,1527,11225,Valid,
matdapmdap.pdf,1,20.16,True,905,7189,Valid,
matidp.pdf,1,20.89,True,884,7110,Valid,
matn.pdf,1,18.9,True,626,4886,Valid,
matnpmsahip.pdf,1,20.66,True,974,7477,Valid,
matnpmvip-tn.pdf,1,20.98,True,959,7577,Valid,
matnpmvip.pdf,1,19.97,True,849,6750,Valid,
matsap.pdf,1,20.97,True,914,7136,Valid,
mb-gbocwwb.pdf,1,20.72,True,987,7258,Valid,
mbabocwwb.pdf,1,22.47,True,1195,8948,Valid,
mbanbocwwb.pdf,1,21.22,True,1087,8249,Valid,
mbarhpbe.pdf,1,22.66,True,1242,8621,Valid,
mbay.pdf,1,22.22,True,1308,9250,Valid,
mbbsgbocwwb.pdf,1,21.58,True,1088,7951,Valid,
mbcbocwwb.pdf,2,23.99,True,1351,9729,Valid,
mbcy.pdf,1,22.53,True,1111,8451,Valid,
mbjy.pdf,1,23.34,True,1339,8939,Valid,
mbmbocwwb-meghalaya.pdf,1,22.17,True,1124,8911,Valid,
mbmbocwwb.pdf,1,21.73,True,1019,8295,Valid,
mbpy.pdf,2,26.79,True,1858,12368,Valid,
mbpyu(1).pdf,1,18.39,True,559,4440,Valid,
mbpyu.pdf,1,18.39,True,559,4440,Valid,
mbs-hbocwwb.pdf,2,24.77,True,1473,10328,Valid,
mbs-pulws.pdf,1,21.35,True,1070,8232,Valid,
mbsapbandocwwb.pdf,1,20.28,True,858,6443,Valid,
mbsukbocwwb.pdf,1,22.38,True,1182,8975,Valid,
mbvs.pdf,1,18.97,True,774,5432,Valid,
mcacism-giapsca(1).pdf,1,20.19,True,801,6158,Valid,
mcacism-giapsca.pdf,1,20.19,True,801,6158,Valid,
mcbsy.pdf,1,21.83,True,1161,8346,Valid,
mccspy.pdf,1,19.56,True,778,6017,Valid,
mcm-min.pdf,2,25.42,True,1366,9852,Valid,
mcmlfas.pdf,2,25.86,True,1657,12016,Valid,
mcms-ugsvb-aass.pdf,2,24.92,True,1507,10599,Valid,
mcsby.pdf,1,21.83,True,1155,8106,Valid,
mdcas.pdf,1,18.5,True,588,4832,Valid,
mdckra.pdf,3,37.12,True,3280,21921,Valid,
mdiis.pdf,1,21.62,True,944,7113,Valid,
mdmss.pdf,1,21.85,True,1164,8652,Valid,
mdoc.pdf,1,17.26,True,423,3426,Valid,
mdsa-mesifai-vi copy.pdf,2,26.72,True,1760,13196,Valid,
mdsa-mesifai-vi.pdf,2,26.72,True,1760,13196,Valid,
mefarsi.pdf,1,21.93,True,1116,8417,Valid,
megp.pdf,3,36.24,True,2919,20778,Valid,
mes.pdf,1,20.98,True,1016,7556,Valid,
mesy.pdf,1,21.41,True,1087,8113,Valid,
mfal.pdf,1,19.04,True,837,6666,Valid,
mgbby-odisha.pdf,2,31.65,True,2705,17983,Valid,
mgnrega.pdf,2,29.6,True,2132,14319,Valid,
mgod.pdf,1,22.92,True,1186,9050,Valid,
mgs-goa.pdf,2,26.42,True,1619,11074,Valid,
mgs.pdf,1,19.73,True,792,5677,Valid,
mgtocpp copy.pdf,1,21.07,True,1014,7373,Valid,
mgtocpp.pdf,1,21.07,True,1014,7373,Valid,
mgy.pdf,1,22.75,True,1035,8027,Valid,
mhh.pdf,1,18.86,True,617,4947,Valid,
mi-maha.pdf,1,22.09,True,1159,8386,Valid,
midh.pdf,2,29.98,True,1957,14935,Valid,
midhhmneh-meghalaya.pdf,1,23.34,True,1114,8809,Valid,
mip.pdf,1,22.39,True,1116,8612,Valid,
mirs.pdf,1,19.18,True,808,5557,Valid,
mj-fapm.pdf,1,21.85,True,934,7254,Valid,
mjpjay.pdf,2,31.53,True,2438,17367,Valid,
mjpmsky.pdf,1,22.91,True,1035,7784,Valid,
mjpovnbcebcs.pdf,2,25.67,True,1390,10059,Valid,
mjspy.pdf,1,21.98,True,1219,8706,Valid,
mjsyakm.pdf,1,19.85,True,694,5459,Valid,
mkaps.pdf,1,20.24,True,968,6694,Valid,
mkay.pdf,1,20.15,True,919,6934,Valid,
mkdmaeasybeaskm.pdf,1,19.54,True,811,6071,Valid,
mkkpy.pdf,1,19.39,True,728,5707,Valid,
mkku.pdf,1,20.11,True,848,6768,Valid,
mkky.pdf,1,20.08,True,972,7006,Valid,
mksy.pdf,2,23.89,True,1529,10638,Valid,
mksyodisha.pdf,1,23.31,True,1249,8930,Valid,
mkusy.pdf,2,26.05,True,1620,11368,Valid,
mkuy(1).pdf,1,21.11,True,969,7096,Valid,
mkuy.pdf,1,21.11,True,969,7096,Valid,
mkvy.pdf,1,19.57,True,848,5808,Valid,
mkvymp.pdf,1,19.48,True,814,5998,Valid,
mky.pdf,2,26.24,True,1496,10484,Valid,
mlgs.pdf,1,20.03,True,720,5856,Valid,
mmbsy.pdf,1,20.17,True,817,5849,Valid,
mmgsy.pdf,1,19.57,True,789,5598,Valid,
mmgy.pdf,1,21.52,True,1248,8741,Valid,
mmhby.pdf,1,20.03,True,906,6674,Valid,
mmkssy-assam.pdf,1,26.47,True,1879,13154,Valid,
mmksy.pdf,2,24.31,True,1494,11114,Valid,
mmky-fanben.pdf,2,26.58,True,1585,11451,Valid,
mmky-iaftufffp copy.pdf,2,25.22,True,1401,10312,Valid,
mmky-iaftufffp.pdf,2,25.22,True,1401,10312,Valid,
mmky-ntebwa.pdf,2,29.21,True,1873,13965,Valid,
mmky-rfcs copy.pdf,1,21.85,True,1067,7965,Valid,
mmky-rfcs.pdf,1,21.85,True,1067,7965,Valid,
mmky-rfwifa copy.pdf,1,21.54,True,972,7324,Valid,
mmky-rfwifa.pdf,1,21.54,True,972,7324,Valid,
mmky-smsff copy.pdf,1,21.07,True,915,7142,Valid,
mmky-smsff.pdf,1,21.07,True,915,7142,Valid,
mmky.pdf,1,18.95,True,738,5707,Valid,
mmkyu.pdf,1,19.85,True,775,5936,Valid,
mmpy.pdf,1,21.47,True,1085,7688,Valid,
mmpyu.pdf,1,18.75,True,637,5145,Valid,
mmsagy.pdf,2,25.65,True,1644,11621,Valid,
mmsby.pdf,1,20.92,True,870,6302,Valid,
mmsy(1).pdf,1,19.87,True,893,6784,Valid,
mmsy.pdf,1,19.87,True,893,6784,Valid,
mmus.pdf,1,18.49,True,617,4946,Valid,
mmuy.pdf,2,23.73,True,1487,10683,Valid,
mmvsy.pdf,1,22.84,True,1166,8483,Valid,
mmvy.pdf,1,20.33,True,938,6676,Valid,
mmy.pdf,1,23.32,True,1318,8980,Valid,
mnbmssy.pdf,1,21.02,True,941,7135,Valid,
mnmkvpsy.pdf,1,19.58,True,745,5887,Valid,
mnmsusy.pdf,1,19.1,True,676,5433,Valid,
mnsasy.pdf,1,19.65,True,803,6125,Valid,
mnsdsy.pdf,1,18.9,True,663,5182,Valid,
mnsps.pdf,1,20.36,True,913,6758,Valid,
mnssby.pdf,1,21.2,True,1031,7391,Valid,
mnssy.pdf,1,19.63,True,727,5657,Valid,
modrob.pdf,2,26.63,True,1659,11779,Valid,
moefccis.pdf,2,26.84,True,1653,12010,Valid,
mpdicbrsbfscc.pdf,1,23.14,True,1218,8922,Valid,
mpmsy.pdf,1,21.69,True,1152,8133,Valid,
mppcy.pdf,2,27.21,True,1639,11823,Valid,
mpps.pdf,1,22.4,True,1303,9221,Valid,
mpss copy.pdf,1,22.96,True,1160,8941,Valid,
mpss.pdf,1,22.96,True,1160,8941,Valid,
mpy.pdf,2,25.52,True,1426,10312,Valid,
mranmas1.pdf,2,24.67,True,1339,9659,Valid,
mraspsly.pdf,1,21.77,True,1011,7606,Valid,
mrbpy.pdf,1,19.89,True,816,6000,Valid,
mrcddv.pdf,1,19.49,True,774,5995,Valid,
mrf.pdf,1,20.84,True,911,6694,Valid,
mrfss.pdf,1,19.8,True,781,6207,Valid,
mrin.pdf,2,24.38,True,1398,10524,Valid,
mrnmspy.pdf,1,20.44,True,907,6580,Valid,
mry.pdf,1,20.17,True,826,6157,Valid,
ms.pdf,1,20.31,True,825,6069,Valid,
msay.pdf,1,18.8,True,677,5163,Valid,
msc.pdf,2,30.34,True,2120,14601,Valid,
msdsrp.pdf,1,19.48,True,745,5862,Valid,
msdsuyps.pdf,1,21.27,True,891,7080,Valid,
mskscy.pdf,1,20.35,True,933,6743,Valid,
msme-stes.pdf,1,21.99,True,1127,8123,Valid,
mspadsc.pdf,1,21.21,True,974,7075,Valid,
msps.pdf,2,24.93,True,1413,10162,Valid,
mss.pdf,1,21.29,True,856,6449,Valid,
mssc.pdf,2,26.97,True,1899,12331,Valid,
mssfsbu.pdf,2,24.28,True,1356,10031,Valid,
mssp-oai.pdf,1,21.29,True,1075,7763,Valid,
mssp-pws.pdf,1,21.86,True,1018,7901,Valid,
mssp-uw.pdf,1,22.27,True,1067,7945,Valid,
mssp-vm.pdf,1,22.17,True,1101,8140,Valid,
msssgc(1).pdf,1,22.96,True,1343,8910,Valid,
msssgc.pdf,1,22.96,True,1343,8910,Valid,
msssy.pdf,1,18.5,True,586,4633,Valid,
mssy.pdf,2,25.86,True,1415,10508,Valid,
msveay.pdf,1,21.06,True,1033,7419,Valid,
msvss.pdf,1,19.65,True,826,6462,Valid,
msvy.pdf,1,20.79,True,1027,7237,Valid,
msvymp.pdf,1,20.08,True,797,5717,Valid,
mswcfpawcp.pdf,1,19.82,True,867,6767,Valid,
mswr.pdf,1,19.62,True,754,5523,Valid,
msy.pdf,1,21.05,True,909,6830,Valid,
mszcs.pdf,2,26.3,True,1449,11063,Valid,
mt-pudu copy.pdf,1,20.65,True,936,7576,Valid,
mt-pudu.pdf,1,20.65,True,936,7576,Valid,
mta.pdf,1,20.56,True,1026,7514,Valid,
mtamsy.pdf,1,19.49,True,860,6397,Valid,
mtc.pdf,1,22.78,True,1165,8925,Valid,
mtdip.pdf,1,20.71,True,1047,7307,Valid,
mtdy.pdf,2,27.97,True,1905,13205,Valid,
mtp-pulws.pdf,1,21.72,True,1162,8844,Valid,
mtyyd.pdf,1,21.71,True,1052,7452,Valid,
mukuy.pdf,1,22.48,True,1207,8542,Valid,
mupsese.pdf,1,21.18,True,1030,7679,Valid,
mupssee.pdf,1,21.5,True,905,7088,Valid,
mvky.pdf,1,21.8,True,1028,7713,Valid,
mvp.pdf,1,20.5,True,1012,7330,Valid,
mvpy-bihar.pdf,1,19.73,True,749,5562,Valid,
mvpy.pdf,1,22.05,True,1031,7310,Valid,
mvspkdpy.pdf,1,21.87,True,1073,7883,Valid,
mvspy.pdf,1,21.42,True,893,6578,Valid,
mvyspy.pdf,1,22.49,True,1024,7761,Valid,
mwfhjwy.pdf,2,25.35,True,1512,10721,Valid,
mysy.pdf,2,24.92,True,1434,10392,Valid,
mysyc.pdf,1,22.08,True,1153,8560,Valid,
myuy.pdf,1,20.32,True,812,6123,Valid,
myyyt.pdf,1,21.3,True,1157,8020,Valid,
n-pdf.pdf,2,30.92,True,2553,17421,Valid,
naari.pdf,1,20.71,True,970,7660,Valid,
nacoip.pdf,2,29.84,True,2094,14841,Valid,
naepwdnaieepwddklsn.pdf,2,29.41,True,1962,14543,Valid,
naepwdnaieepwddklspa.pdf,2,28.66,True,1891,13970,Valid,
naepwdnaieepwddksmksspriongo.pdf,2,29.72,True,2034,15128,Valid,
naepwdnaieepwdsbakkbvksmsrutz.pdf,2,30.67,True,2103,15619,Valid,
naip.pdf,2,23.44,True,1410,10298,Valid,
nais.pdf,2,23.62,True,1321,9334,Valid,
namo-shetkari-mahasanman-nidhi-yojana.pdf,1,22.28,True,1087,7735,Valid,
naospasa-bac(1).pdf,2,29.07,True,2045,15023,Valid,
naospasa-bac.pdf,2,29.07,True,2045,15023,Valid,
naospasa-beidowagpasa.pdf,2,29.71,True,2150,15732,Valid,
naospasa-bircarsadu.pdf,2,29.63,True,2130,15596,Valid,
naospasa-bnpiocpasa.pdf,2,30.06,True,2191,16051,Valid,
naospasa-bpjmbpasa.pdf,2,29.76,True,2182,15825,Valid,
naospasa-bri.pdf,2,29.6,True,2103,15434,Valid,
naospasa-oai.pdf,2,28.24,True,1894,13961,Valid,
nap-sdp.pdf,2,25.13,True,1346,10175,Valid,
naps.pdf,2,27.13,True,1771,13028,Valid,
nassvsaca.pdf,2,27.24,True,1695,12473,Valid,
nassvsbdppsfsc.pdf,2,27.48,True,1755,12969,Valid,
nassvsbira.pdf,2,27.78,True,1825,13296,Valid,
nassvsbisscag.pdf,2,27.54,True,1801,13272,Valid,
nassvsbpsopwwsc.pdf,2,28.12,True,1871,13687,Valid,
nassvsbpubsopwwsc.pdf,2,27.79,True,1808,13347,Valid,
nassvsbsimwpscapsfsc.pdf,2,28.26,True,1896,13893,Valid,
nassvsbulbpsfsc.pdf,2,27.43,True,1756,12909,Valid,
nassvsc.pdf,2,27.38,True,1702,12583,Valid,
nassvscb.pdf,2,26.9,True,1645,12067,Valid,
nassvsim.pdf,2,27.25,True,1720,12565,Valid,
nassvsla.pdf,2,27.12,True,1683,12416,Valid,
nassvssa.pdf,2,27.0,True,1680,12348,Valid,
natthe.pdf,1,22.72,True,1134,8647,Valid,
nbcfdc-gls.pdf,1,21.81,True,1011,7461,Valid,
nbhm.pdf,2,25.42,True,1405,10713,Valid,
nbm(1).pdf,2,24.21,True,1259,9535,Valid,
nbm.pdf,2,24.21,True,1259,9535,Valid,
nccsis.pdf,2,27.91,True,1887,13484,Valid,
ncrfs.pdf,1,22.64,True,1190,8833,Valid,
ndacw.pdf,1,22.95,True,1266,9068,Valid,
ndbs-pbaocwwb.pdf,1,20.78,True,1050,7937,Valid,
ndriis.pdf,3,34.7,True,3190,20898,Valid,
necms(1).pdf,3,34.97,True,2915,19743,Valid,
necms.pdf,3,34.97,True,2915,19743,Valid,
needs.pdf,3,38.03,True,3153,23253,Valid,
nets.pdf,1,19.01,True,726,5364,Valid,
nfandshests.pdf,4,44.66,True,4280,29659,Valid,
nfbks.pdf,1,22.61,True,1043,7746,Valid,
nfbs-sikkim(1).pdf,1,20.38,True,859,6234,Valid,
nfbs-sikkim.pdf,1,20.38,True,859,6234,Valid,
nfbs.pdf,1,20.99,True,1034,7086,Valid,
nfbsup.pdf,1,19.98,True,988,6575,Valid,
nfos.pdf,2,31.53,True,2407,16869,Valid,
nfsmcss.pdf,1,21.8,True,1058,7816,Valid,
ngaossandvtd.pdf,1,20.94,True,1106,8224,Valid,
ngausy.pdf,1,19.29,True,755,5869,Valid,
ngiaotk.pdf,2,25.53,True,1369,10801,Valid,
ngin.pdf,2,24.76,True,1433,10777,Valid,
ngy.pdf,1,21.92,True,1291,8857,Valid,
nhdp-dba-saic.pdf,1,22.0,True,1262,9323,Valid,
nhdp-iandts-emporia.pdf,2,25.17,True,1315,9935,Valid,
nhdp-iandts-uh.pdf,2,30.37,True,2141,15282,Valid,
nhdp-randds.pdf,2,32.02,True,2355,17842,Valid,
nhdpccwms.pdf,2,27.51,True,1870,13990,Valid,
nhdpsc.pdf,2,23.89,True,1288,9839,Valid,
nhis.pdf,1,22.9,True,1200,9271,Valid,
nhs-west-bengal.pdf,2,28.08,True,1989,13197,Valid,
nielitip.pdf,2,25.87,True,1489,10886,Valid,
nift copy.pdf,1,20.92,True,981,7456,Valid,
nift.pdf,1,20.92,True,981,7456,Valid,
nikshay.pdf,1,20.69,True,1070,7623,Valid,
niti-i.pdf,2,27.54,True,1681,12300,Valid,
njcfts.pdf,1,20.64,True,946,7061,Valid,
nkmds.pdf,1,21.57,True,1047,8160,Valid,
nmcms.pdf,1,19.4,True,677,5183,Valid,
nmeo-op.pdf,1,21.52,True,939,7207,Valid,
nmmss.pdf,2,28.42,True,1833,12606,Valid,
nmnf.pdf,1,20.33,True,808,6303,Valid,
nn.pdf,2,25.11,True,1478,10316,Valid,
nos-sc.pdf,2,32.05,True,2409,17128,Valid,
nos-swd.pdf,2,27.86,True,1743,12455,Valid,
npcsip.pdf,2,26.12,True,1444,11076,Valid,
nps-tsep.pdf,2,27.22,True,1980,12919,Valid,
npy-jbocwwb.pdf,2,25.62,True,1420,10368,Valid,
npy.pdf,1,18.92,True,657,4833,Valid,
nrefhrdnre.pdf,3,32.38,True,2567,19247,Valid,
nreis.pdf,2,25.8,True,1476,10840,Valid,
ns-icarif.pdf,2,31.33,True,2352,16756,Valid,
ns.pdf,1,21.9,True,1065,7522,Valid,
nsa.pdf,3,35.71,True,2812,20442,Valid,
nsakppy.pdf,2,25.92,True,1611,11716,Valid,
nsap-ignoaps.pdf,2,27.95,True,1883,12648,Valid,
nsat.pdf,1,21.99,True,1030,8265,Valid,
nsatsy.pdf,1,21.05,True,916,6678,Valid,
nsauabdbrpshapy.pdf,2,24.32,True,1321,9761,Valid,
nsbgs.pdf,1,20.88,True,946,7071,Valid,
nsbhuk.pdf,1,18.97,True,635,4908,Valid,
nsc-se.pdf,2,30.74,True,2373,16504,Valid,
nsc-sl.pdf,2,30.51,True,2352,16142,Valid,
nscs.pdf,2,26.27,True,1903,12329,Valid,
nsfpgs.pdf,1,18.66,True,624,4861,Valid,
nsigse(1).pdf,2,25.48,True,1514,9945,Valid,
nsigse(2).pdf,2,25.48,True,1514,9945,Valid,
nsigse.pdf,2,25.48,True,1514,9945,Valid,
nsjbsy copy.pdf,1,22.29,True,1160,8546,Valid,
nsjbsy.pdf,1,22.29,True,1160,8546,Valid,
nskbgc.pdf,1,19.21,True,670,5195,Valid,
nsklvrpbkpy.pdf,1,22.54,True,1185,8657,Valid,
nskvmyhvphvbkpy.pdf,1,21.92,True,1064,7676,Valid,
nsky.pdf,1,23.02,True,1256,9179,Valid,
nsmedsy.pdf,1,19.43,True,714,5666,Valid,
nsms.pdf,1,21.61,True,1203,8724,Valid,
nsokkdaskmkdmaearby.pdf,1,18.43,True,683,5255,Valid,
nspgy.pdf,3,35.28,True,2976,20225,Valid,
nssfp.pdf,2,28.07,True,2223,15221,Valid,
nsskvy.pdf,1,23.11,True,1233,8887,Valid,
nssky.pdf,2,26.48,True,1619,11362,Valid,
nssw.pdf,1,20.88,True,889,6293,Valid,
nstss.pdf,1,21.35,True,940,7114,Valid,
nswf.pdf,1,22.15,True,1163,8591,Valid,
nsy.pdf,1,21.97,True,1212,8427,Valid,
nsych.pdf,1,20.57,True,1033,7404,Valid,
nta.pdf,2,25.04,True,1302,10937,Valid,
nts-pg.pdf,1,20.41,True,901,6654,Valid,
nts-ug.pdf,1,21.36,True,1013,7494,Valid,
nvpy.pdf,1,19.1,True,751,5516,Valid,
nwa.pdf,1,23.02,True,1144,9113,Valid,
nya.pdf,2,24.55,True,1381,9996,Valid,
nyc.pdf,1,20.4,True,847,6003,Valid,
oaa.pdf,1,20.71,True,943,6896,Valid,
oadp.pdf,1,20.26,True,955,7158,Valid,
oah copy.pdf,1,17.83,True,594,4492,Valid,
oah.pdf,1,17.83,True,594,4492,Valid,
oap copy.pdf,1,20.17,True,1003,6697,Valid,
oap(1) copy.pdf,1,20.17,True,1003,6697,Valid,
oap(1).pdf,1,20.17,True,1003,6697,Valid,
oap.pdf,1,20.17,True,1003,6697,Valid,
oapc copy.pdf,1,19.91,True,739,5610,Valid,
oapc.pdf,1,19.91,True,739,5610,Valid,
oapsapbandocwwb copy.pdf,1,18.94,True,691,5057,Valid,
oapsapbandocwwb.pdf,1,18.94,True,691,5057,Valid,
oapsp copy.pdf,1,18.8,True,660,4975,Valid,
oapsp.pdf,1,18.8,True,660,4975,Valid,
oapsucmupt copy.pdf,1,20.77,True,939,6801,Valid,
oapsucmupt.pdf,1,20.77,True,939,6801,Valid,
oapwb copy.pdf,1,21.43,True,1025,7602,Valid,
oapwb.pdf,1,21.43,True,1025,7602,Valid,
oasas copy.pdf,1,22.82,True,1208,8665,Valid,
oasas.pdf,1,22.82,True,1208,8665,Valid,
oay-mesifai-sa-msme copy.pdf,1,20.05,True,961,7117,Valid,
oay-mesifai-sa-msme.pdf,1,20.05,True,961,7117,Valid,
obcpms.pdf,1,20.52,True,815,6720,Valid,
obs.pdf,1,19.91,True,791,6024,Valid,
oecp-mea.pdf,1,20.39,True,867,6746,Valid,
oexp-mesifai-sa-msme copy.pdf,1,21.13,True,1083,7961,Valid,
oexp-mesifai-sa-msme.pdf,1,21.13,True,1083,7961,Valid,
ofoe copy.pdf,2,28.1,True,2104,14565,Valid,
ofoe.pdf,2,28.1,True,2104,14565,Valid,
ohss.pdf,1,21.1,True,924,7213,Valid,
ombgh copy.pdf,1,22.41,True,1168,8385,Valid,
ombgh.pdf,1,22.41,True,1168,8385,Valid,
omps copy.pdf,1,22.44,True,1209,8782,Valid,
omps.pdf,1,22.44,True,1209,8782,Valid,
oms copy.pdf,1,18.33,True,568,4630,Valid,
oms.pdf,1,18.33,True,568,4630,Valid,
onorc copy.pdf,1,21.09,True,1010,7081,Valid,
onorc.pdf,1,21.09,True,1010,7081,Valid,
opetfesime-mp copy.pdf,1,21.05,True,1023,8057,Valid,
opetfesime-mp.pdf,1,21.05,True,1023,8057,Valid,
ops copy.pdf,1,18.87,True,699,5180,Valid,
ops.pdf,1,18.87,True,699,5180,Valid,
orjcvsrva copy.pdf,1,19.9,True,860,6604,Valid,
orjcvsrva.pdf,1,19.9,True,860,6604,Valid,
osc copy.pdf,1,22.03,True,1127,8333,Valid,
osc.pdf,1,22.03,True,1127,8333,Valid,
osfst copy.pdf,1,18.37,True,579,4625,Valid,
osfst.pdf,1,18.37,True,579,4625,Valid,
ossppms.pdf,2,25.69,True,1626,11436,Valid,
ostf.pdf,2,27.67,True,1881,12822,Valid,
otca-bbdp copy.pdf,1,22.54,True,1084,8388,Valid,
otca-bbdp.pdf,1,22.54,True,1084,8388,Valid,
otci-citabtct copy.pdf,1,22.83,True,1151,8920,Valid,
otci-citabtct.pdf,1,22.83,True,1151,8920,Valid,
otcild-sw copy.pdf,1,22.34,True,1031,8027,Valid,
otcild-sw.pdf,1,22.34,True,1031,8027,Valid,
otgmp copy.pdf,1,25.22,True,1604,11345,Valid,
otgmp.pdf,1,25.22,True,1604,11345,Valid,
otsdfpc.pdf,1,20.83,True,1030,7437,Valid,
ovdf copy.pdf,2,26.93,True,1677,12395,Valid,
ovdf.pdf,2,26.93,True,1677,12395,Valid,
owjws.pdf,1,21.07,True,1031,7514,Valid,
paapwd copy.pdf,1,20.85,True,822,6348,Valid,
paapwd.pdf,1,20.85,True,822,6348,Valid,
pahal-dbtl copy.pdf,3,34.06,True,3037,19151,Valid,
pahal-dbtl.pdf,3,34.06,True,3037,19151,Valid,
parfdap copy.pdf,1,19.18,True,877,6446,Valid,
parfdap.pdf,1,19.18,True,877,6446,Valid,
pas copy.pdf,2,23.88,True,1322,9523,Valid,
pas.pdf,2,23.88,True,1322,9523,Valid,
patss copy.pdf,2,24.82,True,1435,10883,Valid,
patss.pdf,2,24.82,True,1435,10883,Valid,
pb-gbocwwb copy.pdf,1,20.75,True,1002,7168,Valid,
pb-gbocwwb.pdf,1,20.75,True,1002,7168,Valid,
pbanbocwwb copy.pdf,1,21.42,True,1032,7735,Valid,
pbanbocwwb.pdf,1,21.42,True,1032,7735,Valid,
pbby copy.pdf,1,21.49,True,957,7171,Valid,
pbby.pdf,1,21.49,True,957,7171,Valid,
pbcw copy.pdf,1,22.98,True,1291,9144,Valid,
pbcw.pdf,1,22.98,True,1291,9144,Valid,
pbs-hbocwwb copy.pdf,2,25.12,True,1561,10738,Valid,
pbs-hbocwwb.pdf,2,25.12,True,1561,10738,Valid,
pcds copy.pdf,1,18.96,True,606,4906,Valid,
pcds.pdf,1,18.96,True,606,4906,Valid,
pchcw copy.pdf,2,24.25,True,1347,9624,Valid,
pchcw.pdf,2,24.25,True,1347,9624,Valid,
pdca copy.pdf,1,20.84,True,924,6935,Valid,
pdca.pdf,1,20.84,True,924,6935,Valid,
pdfscstc copy.pdf,2,29.8,True,2166,15864,Valid,
pdfscstc.pdf,2,29.8,True,2166,15864,Valid,
pdfwc copy.pdf,2,28.19,True,1867,13024,Valid,
pdfwc(1) copy.pdf,2,28.19,True,1867,13024,Valid,
pdfwc(1).pdf,2,28.19,True,1867,13024,Valid,
pdfwc.pdf,2,28.19,True,1867,13024,Valid,
pdos copy.pdf,2,27.12,True,1721,12847,Valid,
pdos.pdf,2,27.12,True,1721,12847,Valid,
pds copy.pdf,2,26.6,True,1504,11168,Valid,
pds.pdf,2,26.6,True,1504,11168,Valid,
pdtti-assam copy.pdf,2,31.6,True,2530,17581,Valid,
pdtti-assam.pdf,2,31.6,True,2530,17581,Valid,
pdunwfs copy.pdf,2,26.19,True,1608,12219,Valid,
pdunwfs.pdf,2,26.19,True,1608,12219,Valid,
peaceap copy.pdf,2,26.09,True,1544,11379,Valid,
peaceap.pdf,2,26.09,True,1544,11379,Valid,
peacedea copy.pdf,2,28.32,True,1892,13861,Valid,
peacedea.pdf,2,28.32,True,1892,13861,Valid,
peaceifiear copy.pdf,2,26.16,True,1579,11670,Valid,
peaceifiear.pdf,2,26.16,True,1579,11670,Valid,
peacetp copy.pdf,2,25.83,True,1445,10772,Valid,
peacetp.pdf,2,25.83,True,1445,10772,Valid,
pecfar copy.pdf,2,28.84,True,1956,14304,Valid,
pecfar.pdf,2,28.84,True,1956,14304,Valid,
petro-subsidy-for-disabled copy.pdf,1,21.1,True,960,7039,Valid,
petro-subsidy-for-disabled.pdf,1,21.1,True,960,7039,Valid,
pfaavs.pdf,1,21.5,True,1187,8354,Valid,
pfeslpbtac copy.pdf,1,19.55,True,715,5368,Valid,
pfeslpbtac(1) copy.pdf,1,19.55,True,715,5368,Valid,
pfeslpbtac(1).pdf,1,19.55,True,715,5368,Valid,
pfeslpbtac.pdf,1,19.55,True,715,5368,Valid,
pfifllesrs copy.pdf,1,20.97,True,977,7358,Valid,
pfifllesrs.pdf,1,20.97,True,977,7358,Valid,
pfmeiiao copy.pdf,1,23.17,True,1188,9100,Valid,
pfmeiiao.pdf,1,23.17,True,1188,9100,Valid,
pfrs copy.pdf,2,23.35,True,1273,9297,Valid,
pfrs.pdf,2,23.35,True,1273,9297,Valid,
pfts copy.pdf,2,30.2,True,2490,16770,Valid,
pfts.pdf,2,30.2,True,2490,16770,Valid,
pg-igssgc copy.pdf,1,22.37,True,1287,8765,Valid,
pg-igssgc.pdf,1,22.37,True,1287,8765,Valid,
pgmssurhula copy.pdf,2,27.1,True,1752,12170,Valid,
pgmssurhula.pdf,2,27.1,True,1752,12170,Valid,
pgsgategpatqspmtmempugc copy.pdf,2,27.31,True,1677,12070,Valid,
pgsgategpatqspmtmempugc.pdf,2,27.31,True,1677,12070,Valid,
pgspcscstc copy.pdf,2,24.62,True,1353,10066,Valid,
pgspcscstc.pdf,2,24.62,True,1353,10066,Valid,
pgssgategpatqsaicte copy.pdf,2,32.01,True,2580,18137,Valid,
pgssgategpatqsaicte.pdf,2,32.01,True,2580,18137,Valid,
phms copy.pdf,1,20.12,True,685,5597,Valid,
phms.pdf,1,20.12,True,685,5597,Valid,
pi copy.pdf,2,24.89,True,1512,10090,Valid,
pi.pdf,2,24.89,True,1512,10090,Valid,
piatibft copy.pdf,2,25.94,True,1485,10680,Valid,
piatibft(1) copy.pdf,2,25.94,True,1485,10680,Valid,
piatibft(1).pdf,2,25.94,True,1485,10680,Valid,
piatibft.pdf,2,25.94,True,1485,10680,Valid,
piso copy.pdf,1,23.27,True,1300,9017,Valid,
piso.pdf,1,23.27,True,1300,9017,Valid,
pkk copy.pdf,1,18.39,True,634,4773,Valid,
pkk.pdf,1,18.39,True,634,4773,Valid,
pks copy.pdf,1,18.59,True,657,4814,Valid,
pks.pdf,1,18.59,True,657,4814,Valid,
pkvksfatfedap copy.pdf,1,21.47,True,1009,7595,Valid,
pkvksfatfedap.pdf,1,21.47,True,1009,7595,Valid,
pkvy copy.pdf,1,23.32,True,1134,8547,Valid,
pkvy.pdf,1,23.32,True,1134,8547,Valid,
placlao copy.pdf,1,20.79,True,1057,7571,Valid,
placlao.pdf,1,20.79,True,1057,7571,Valid,
plgsfsbu copy.pdf,2,24.05,True,1379,9610,Valid,
plgsfsbu.pdf,2,24.05,True,1379,9610,Valid,
plisaaci copy.pdf,3,34.48,True,2845,20553,Valid,
plisaaci.pdf,3,34.48,True,2845,20553,Valid,
pm copy.pdf,1,21.92,True,898,6632,Valid,
pm-daksh copy.pdf,3,36.74,True,2726,19988,Valid,
pm-daksh.pdf,3,36.74,True,2726,19988,Valid,
pm-gkay copy.pdf,1,20.39,True,875,6311,Valid,
pm-gkay.pdf,1,20.39,True,875,6311,Valid,
pm-kisan copy.pdf,1,21.73,True,1064,7787,Valid,
pm-kisan.pdf,1,21.73,True,1064,7787,Valid,
pm-kusum copy.pdf,2,26.71,True,1733,12066,Valid,
pm-kusum.pdf,2,26.71,True,1733,12066,Valid,
pm-poshan copy.pdf,1,19.19,True,675,4973,Valid,
pm-poshan.pdf,1,19.19,True,675,4973,Valid,
pm-svanidhi copy.pdf,2,25.53,True,1539,10700,Valid,
pm-svanidhi.pdf,2,25.53,True,1539,10700,Valid,
pm-uspycsiss copy.pdf,2,31.16,True,2396,17117,Valid,
pm-uspycsiss.pdf,2,31.16,True,2396,17117,Valid,
pm-yasasvipmsobcebcdnts copy.pdf,4,45.24,True,4340,30783,Valid,
pm-yasasvipmsobcebcdnts.pdf,4,45.24,True,4340,30783,Valid,
pm-yasasvitcceobcebcdnts copy.pdf,2,30.58,True,2311,16023,Valid,
pm-yasasvitcceobcebcdnts.pdf,2,30.58,True,2311,16023,Valid,
pm-yasasvitcseobcebcdnts copy.pdf,2,26.7,True,1684,11631,Valid,
pm-yasasvitcseobcebcdnts(1) copy.pdf,2,26.7,True,1684,11631,Valid,
pm-yasasvitcseobcebcdnts(1).pdf,2,26.7,True,1684,11631,Valid,
pm-yasasvitcseobcebcdnts.pdf,2,26.7,True,1684,11631,Valid,
pm.pdf,1,21.92,True,898,6632,Valid,
pmagy copy.pdf,1,24.01,True,1252,9028,Valid,
pmagy.pdf,1,24.01,True,1252,9028,Valid,
pmatcs copy.pdf,1,19.61,True,672,5545,Valid,
pmatcs.pdf,1,19.61,True,672,5545,Valid,
pmavssspc.pdf,1,21.68,True,1060,8034,Valid,
pmay-g copy.pdf,2,30.07,True,2148,14977,Valid,
pmay-g.pdf,2,30.07,True,2148,14977,Valid,
pmay-u copy.pdf,2,26.54,True,1545,10845,Valid,
pmay-u.pdf,2,26.54,True,1545,10845,Valid,
pmbjp copy.pdf,2,33.33,True,2530,18118,Valid,
pmbjp.pdf,2,33.33,True,2530,18118,Valid,
pmcsfpw copy.pdf,1,20.34,True,859,6258,Valid,
pmcsfpw.pdf,1,20.34,True,859,6258,Valid,
pmcup(1).pdf,1,20.78,True,854,7075,Valid,
pmcup(2).pdf,1,20.78,True,854,7075,Valid,
pmcup.pdf,1,20.78,True,854,7075,Valid,
pmegp copy.pdf,3,37.15,True,3218,22528,Valid,
pmegp.pdf,3,37.15,True,3218,22528,Valid,
pmfby copy.pdf,2,27.49,True,1708,12170,Valid,
pmfby.pdf,2,27.49,True,1708,12170,Valid,
pmfdr copy.pdf,2,30.88,True,2236,16498,Valid,
pmfdr.pdf,2,30.88,True,2236,16498,Valid,
pmfmpe copy.pdf,4,48.47,True,4271,30725,Valid,
pmfmpe.pdf,4,48.47,True,4271,30725,Valid,
pmgdisha copy.pdf,2,29.91,True,2036,14557,Valid,
pmgdisha.pdf,2,29.91,True,2036,14557,Valid,
pmgkp copy.pdf,2,24.99,True,1444,10943,Valid,
pmgkp.pdf,2,24.99,True,1444,10943,Valid,
pmgsy copy.pdf,2,32.35,True,2667,18019,Valid,
pmgsy.pdf,2,32.35,True,2667,18019,Valid,
pmjdy copy.pdf,2,29.74,True,2132,13910,Valid,
pmjdy.pdf,2,29.74,True,2132,13910,Valid,
pmjjby copy.pdf,1,21.1,True,914,6388,Valid,
pmjjby.pdf,1,21.1,True,914,6388,Valid,
pmksypdmc copy.pdf,2,29.33,True,2003,14869,Valid,
pmksypdmc.pdf,2,29.33,True,2003,14869,Valid,
pmkvy-rpl copy.pdf,2,33.73,True,2740,18178,Valid,
pmkvy-rpl.pdf,2,33.73,True,2740,18178,Valid,
pmkvy-sp copy.pdf,2,26.84,True,1532,11624,Valid,
pmkvy-sp.pdf,2,26.84,True,1532,11624,Valid,
pmkvy-stt copy.pdf,1,21.61,True,994,7759,Valid,
pmkvy-stt.pdf,1,21.61,True,994,7759,Valid,
pmms copy.pdf,1,20.78,True,1076,7752,Valid,
pmms.pdf,1,20.78,True,1076,7752,Valid,
pmmsy copy.pdf,2,29.66,True,1975,14732,Valid,
pmmsy.pdf,2,29.66,True,1975,14732,Valid,
pmmvy copy.pdf,2,29.58,True,2065,14209,Valid,
pmmvy.pdf,2,29.58,True,2065,14209,Valid,
pmmy copy.pdf,2,26.83,True,1639,11800,Valid,
pmmy.pdf,2,26.83,True,1639,11800,Valid,
pmrbp copy.pdf,1,22.02,True,1079,7987,Valid,
pmrbp.pdf,1,22.02,True,1079,7987,Valid,
pmrs copy.pdf,1,20.11,True,847,6374,Valid,
pmrs.pdf,1,20.11,True,847,6374,Valid,
pms copy.pdf,1,18.38,True,616,4797,Valid,
pms.pdf,1,18.38,True,616,4797,Valid,
pmsby copy.pdf,1,22.95,True,1343,8955,Valid,
pmsby.pdf,1,22.95,True,1343,8955,Valid,
pmscteoicphh copy.pdf,2,26.11,True,1652,12047,Valid,
pmscteoicphh.pdf,2,26.11,True,1652,12047,Valid,
pmsfscs copy.pdf,1,19.24,True,742,5544,Valid,
pmsfscs.pdf,1,19.24,True,742,5544,Valid,
pmsfss copy.pdf,1,23.4,True,1155,8870,Valid,
pmsfss.pdf,1,23.4,True,1155,8870,Valid,
pmsgmb copy.pdf,1,21.52,True,1083,7579,Valid,
pmsgmb.pdf,1,21.52,True,1083,7579,Valid,
pmsm copy.pdf,1,20.7,True,838,6626,Valid,
pmsm.pdf,1,20.7,True,838,6626,Valid,
pmss copy.pdf,2,26.46,True,1610,10854,Valid,
pmss.pdf,2,26.46,True,1610,10854,Valid,
pmssc copy.pdf,2,28.44,True,1892,13825,Valid,
pmssc.pdf,2,28.44,True,1892,13825,Valid,
pmsscs-g copy.pdf,2,27.92,True,1771,12801,Valid,
pmsscs-g.pdf,2,27.92,True,1771,12801,Valid,
pmsscsn copy.pdf,2,24.43,True,1452,10420,Valid,
pmsscsn.pdf,2,24.43,True,1452,10420,Valid,
pmssfm copy.pdf,1,19.65,True,762,5911,Valid,
pmssfm.pdf,1,19.65,True,762,5911,Valid,
pmssrpf copy.pdf,2,28.1,True,1712,12517,Valid,
pmssrpf.pdf,2,28.1,True,1712,12517,Valid,
pmsss copy.pdf,2,31.68,True,2303,16508,Valid,
pmsss.pdf,2,31.68,True,2303,16508,Valid,
pmsssc copy.pdf,1,20.8,True,876,6563,Valid,
pmsssc.pdf,1,20.8,True,876,6563,Valid,
pmssts.pdf,1,20.99,True,898,7105,Valid,
pmssu copy.pdf,1,18.94,True,678,5224,Valid,
pmssu.pdf,1,18.94,True,678,5224,Valid,
pmsswcapfar copy.pdf,2,32.18,True,2421,17071,Valid,
pmsswcapfar.pdf,2,32.18,True,2421,17071,Valid,
pmsswsutpp copy.pdf,2,29.52,True,1945,14129,Valid,
pmsswsutpp.pdf,2,29.52,True,1945,14129,Valid,
pmsswwcpfp copy.pdf,2,28.45,True,1992,14092,Valid,
pmsswwcpfp.pdf,2,28.45,True,1992,14092,Valid,
pmsvs-maharashtra copy.pdf,2,26.68,True,1777,12520,Valid,
pmsvs-maharashtra.pdf,2,26.68,True,1777,12520,Valid,
pmsy.pdf,1,20.41,True,860,6488,Valid,
pmuy copy.pdf,1,22.97,True,1217,8190,Valid,
pmuy.pdf,1,22.97,True,1217,8190,Valid,
pmuy2 copy.pdf,2,28.95,True,2078,13845,Valid,
pmuy2.pdf,2,28.95,True,2078,13845,Valid,
pmv copy.pdf,2,27.36,True,1692,12323,Valid,
pmv.pdf,2,27.36,True,1692,12323,Valid,
pmyasasvipmsobcebcdnts copy.pdf,2,29.37,True,2032,14516,Valid,
pmyasasvipmsobcebcdnts(1) copy.pdf,2,29.37,True,2032,14516,Valid,
pmyasasvipmsobcebcdnts(1).pdf,2,29.37,True,2032,14516,Valid,
pmyasasvipmsobcebcdnts.pdf,2,29.37,True,2032,14516,Valid,
pocra.pdf,2,29.94,True,2245,15581,Valid,
pomis copy.pdf,2,24.33,True,1363,9261,Valid,
pomis.pdf,2,24.33,True,1363,9261,Valid,
post-dis copy.pdf,2,26.89,True,1461,10814,Valid,
post-dis.pdf,2,26.89,True,1461,10814,Valid,
post-st.pdf,2,33.85,True,2867,19884,Valid,
postsm copy.pdf,2,26.54,True,1513,10835,Valid,
postsm.pdf,2,26.54,True,1513,10835,Valid,
ppma copy.pdf,2,24.46,True,1170,9621,Valid,
ppma.pdf,2,24.46,True,1170,9621,Valid,
ppmbocwwb copy.pdf,1,22.14,True,1157,8789,Valid,
ppmbocwwb.pdf,1,22.14,True,1157,8789,Valid,
pps copy.pdf,1,18.68,True,556,4692,Valid,
pps.pdf,1,18.68,True,556,4692,Valid,
pptisf copy.pdf,2,25.02,True,1283,9658,Valid,
pptisf.pdf,2,25.02,True,1283,9658,Valid,
ppy-jbocwwb copy.pdf,2,25.56,True,1425,10301,Valid,
ppy-jbocwwb.pdf,2,25.56,True,1425,10301,Valid,
prashad copy.pdf,2,24.31,True,1335,10642,Valid,
prashad.pdf,2,24.31,True,1335,10642,Valid,
pre-dis copy.pdf,1,23.73,True,1235,8863,Valid,
pre-dis.pdf,1,23.73,True,1235,8863,Valid,
pre-sc.pdf,1,21.57,True,1129,7991,Valid,
pre-st copy.pdf,1,22.17,True,1152,8100,Valid,
pre-st.pdf,1,22.17,True,1152,8100,Valid,
pregnant-desiindigenous-cows-ration.pdf,2,24.49,True,1504,10602,Valid,
prems-st copy.pdf,2,26.21,True,1503,10493,Valid,
prems-st.pdf,2,26.21,True,1503,10493,Valid,
prerana copy.pdf,1,21.04,True,924,6571,Valid,
prerana.pdf,1,21.04,True,924,6571,Valid,
presm copy.pdf,2,24.86,True,1313,9502,Valid,
presm.pdf,2,24.86,True,1313,9502,Valid,
prism-c1-pcpm copy.pdf,2,28.95,True,1785,13626,Valid,
prism-c1-pcpm.pdf,2,28.95,True,1785,13626,Valid,
prowis-i.pdf,1,20.85,True,865,6906,Valid,
prowis-ii.pdf,1,20.47,True,786,6361,Valid,
ps copy.pdf,1,21.54,True,1107,7799,Valid,
ps-tn copy.pdf,1,23.12,True,1268,9238,Valid,
ps-tn.pdf,1,23.12,True,1268,9238,Valid,
ps-west-bengal copy.pdf,2,24.75,True,1421,10125,Valid,
ps-west-bengal.pdf,2,24.75,True,1421,10125,Valid,
ps.pdf,1,21.54,True,1107,7799,Valid,
psa copy.pdf,1,21.18,True,1034,7579,Valid,
psa.pdf,1,21.18,True,1034,7579,Valid,
pscp copy.pdf,1,19.76,True,773,5900,Valid,
pscp.pdf,1,19.76,True,773,5900,Valid,
psfdt copy.pdf,1,19.91,True,934,6639,Valid,
psfdt.pdf,1,19.91,True,934,6639,Valid,
psfgdlp copy.pdf,1,20.67,True,942,7120,Valid,
psfgdlp.pdf,1,20.67,True,942,7120,Valid,
psft copy.pdf,1,19.42,True,716,5667,Valid,
psft.pdf,1,19.42,True,716,5667,Valid,
psgs-deg copy.pdf,1,23.05,True,1257,8740,Valid,
psgs-deg.pdf,1,23.05,True,1257,8740,Valid,
psgs-dip copy.pdf,1,23.52,True,1348,9340,Valid,
psgs-dip.pdf,1,23.52,True,1348,9340,Valid,
psmts copy.pdf,2,28.54,True,1967,13832,Valid,
psmts.pdf,2,28.54,True,1967,13832,Valid,
psp copy.pdf,2,29.53,True,2035,14696,Valid,
psp.pdf,2,29.53,True,2035,14696,Valid,
pss copy.pdf,1,21.46,True,1052,7682,Valid,
pss-goa copy.pdf,2,24.56,True,1380,9817,Valid,
pss-goa.pdf,2,24.56,True,1380,9817,Valid,
pss.pdf,1,21.46,True,1052,7682,Valid,
psscsscspms copy.pdf,1,17.92,True,494,4204,Valid,
psscsscspms.pdf,1,17.92,True,494,4204,Valid,
pssfgs copy.pdf,1,20.06,True,938,7049,Valid,
pssfgs.pdf,1,20.06,True,938,7049,Valid,
pssppy.pdf,1,17.68,True,459,3731,Valid,
pstsrp copy.pdf,2,23.8,True,1412,9617,Valid,
pstsrp.pdf,2,23.8,True,1412,9617,Valid,
psy copy.pdf,1,20.52,True,840,6166,Valid,
psy.pdf,1,20.52,True,840,6166,Valid,
ptascsss1112gs copy.pdf,1,19.52,True,738,5539,Valid,
ptascsss1112gs.pdf,1,19.52,True,738,5539,Valid,
ptascsss1112ss copy.pdf,1,21.15,True,950,7112,Valid,
ptascsss1112ss.pdf,1,21.15,True,950,7112,Valid,
ptlt copy.pdf,1,22.39,True,992,7304,Valid,
ptlt(1) copy.pdf,1,22.39,True,992,7304,Valid,
ptlt(1).pdf,1,22.39,True,992,7304,Valid,
ptlt.pdf,1,22.39,True,992,7304,Valid,
ptupiwoa50yaa copy.pdf,1,20.58,True,969,6846,Valid,
ptupiwoa50yaa(1) copy.pdf,1,20.58,True,969,6846,Valid,
ptupiwoa50yaa(1).pdf,1,20.58,True,969,6846,Valid,
ptupiwoa50yaa(2) copy.pdf,1,20.58,True,969,6846,Valid,
ptupiwoa50yaa(2).pdf,1,20.58,True,969,6846,Valid,
ptupiwoa50yaa.pdf,1,20.58,True,969,6846,Valid,
ptwadw copy.pdf,1,22.33,True,1103,7897,Valid,
ptwadw.pdf,1,22.33,True,1103,7897,Valid,
ptwadwc copy.pdf,1,20.49,True,798,6125,Valid,
ptwadwc.pdf,1,20.49,True,798,6125,Valid,
pudhumai-penn-scheme.pdf,2,25.84,True,1611,11764,Valid,
pvpmc copy.pdf,1,20.69,True,762,6352,Valid,
pvpmc(1) copy.pdf,1,20.69,True,762,6352,Valid,
pvpmc(1).pdf,1,20.69,True,762,6352,Valid,
pvpmc.pdf,1,20.69,True,762,6352,Valid,
py-jbocwwb copy.pdf,2,25.59,True,1453,10400,Valid,
py-jbocwwb.pdf,2,25.59,True,1453,10400,Valid,
qcrs copy.pdf,2,25.56,True,1430,10879,Valid,
qcrs.pdf,2,25.56,True,1430,10879,Valid,
qip copy.pdf,2,27.38,True,1783,13041,Valid,
qip.pdf,2,27.38,True,1783,13041,Valid,
qipfu copy.pdf,2,24.08,True,1299,9302,Valid,
qipfu.pdf,2,24.08,True,1299,9302,Valid,
r-cf copy.pdf,2,26.57,True,1557,11478,Valid,
r-cf.pdf,2,26.57,True,1557,11478,Valid,
ra copy.pdf,1,20.39,True,961,7026,Valid,
ra(1) copy.pdf,1,20.39,True,961,7026,Valid,
ra(1).pdf,1,20.39,True,961,7026,Valid,
ra.pdf,1,20.39,True,961,7026,Valid,
rad copy.pdf,2,29.04,True,1797,13780,Valid,
rad.pdf,2,29.04,True,1797,13780,Valid,
radrs copy.pdf,2,25.66,True,1463,10007,Valid,
radrs.pdf,2,25.66,True,1463,10007,Valid,
ral copy.pdf,1,18.56,True,733,5490,Valid,
ral.pdf,1,18.56,True,733,5490,Valid,
ramp copy.pdf,2,25.64,True,1594,11255,Valid,
ramp.pdf,2,25.64,True,1594,11255,Valid,
rams-to-sheep-breeders.pdf,2,25.79,True,1732,12222,Valid,
ratvip copy.pdf,1,19.67,True,781,6154,Valid,
ratvip.pdf,1,19.67,True,781,6154,Valid,
rcfscspc copy.pdf,1,21.71,True,1050,7937,Valid,
rcfscspc.pdf,1,21.71,True,1050,7937,Valid,
rcmrf-aa copy.pdf,1,22.57,True,1238,8890,Valid,
rcmrf-aa.pdf,1,22.57,True,1238,8890,Valid,
rcmrf-kp copy.pdf,1,22.04,True,1190,8211,Valid,
rcmrf-kp.pdf,1,22.04,True,1190,8211,Valid,
rcmrf-mh copy.pdf,1,21.73,True,996,7054,Valid,
rcmrf-mh.pdf,1,21.73,True,996,7054,Valid,
rcs copy.pdf,1,18.82,True,610,5046,Valid,
rcs-pbaocwwb copy.pdf,1,21.6,True,1168,8582,Valid,
rcs-pbaocwwb.pdf,1,21.6,True,1168,8582,Valid,
rcs.pdf,1,18.82,True,610,5046,Valid,
rctpm copy.pdf,1,19.91,True,695,5583,Valid,
rctpm.pdf,1,19.91,True,695,5583,Valid,
rdnccff-sw copy.pdf,1,21.87,True,1030,7812,Valid,
rdnccff-sw.pdf,1,21.87,True,1030,7812,Valid,
rescaw copy.pdf,1,21.41,True,1036,7641,Valid,
rescaw.pdf,1,21.41,True,1036,7641,Valid,
resolpops copy.pdf,2,25.06,True,1431,9912,Valid,
resolpops.pdf,2,25.06,True,1431,9912,Valid,
rf copy.pdf,3,33.12,True,2812,19428,Valid,
rf.pdf,3,33.12,True,2812,19428,Valid,
rfsms copy.pdf,2,24.62,True,1335,9406,Valid,
rfsms.pdf,2,24.62,True,1335,9406,Valid,
rgfis copy.pdf,1,20.5,True,921,6755,Valid,
rgfis.pdf,1,20.5,True,921,6755,Valid,
rggbkmny copy.pdf,1,20.36,True,882,6635,Valid,
rggbkmny.pdf,1,20.36,True,882,6635,Valid,
rgisfm copy.pdf,2,29.7,True,1959,13719,Valid,
rgisfm.pdf,2,29.7,True,1959,13719,Valid,
rgkny copy.pdf,1,19.44,True,797,5852,Valid,
rgkny.pdf,1,19.44,True,797,5852,Valid,
rgkssy copy.pdf,1,21.92,True,961,7236,Valid,
rgkssy.pdf,1,21.92,True,961,7236,Valid,
rgnfscc copy.pdf,2,29.56,True,2081,14762,Valid,
rgnfscc.pdf,2,29.56,True,2081,14762,Valid,
rgpswobh copy.pdf,2,29.42,True,2385,16571,Valid,
rgpswobh.pdf,2,29.42,True,2385,16571,Valid,
rgsa copy.pdf,2,24.28,True,1227,9241,Valid,
rgsa.pdf,2,24.28,True,1227,9241,Valid,
rgsaip copy.pdf,2,25.64,True,1337,10036,Valid,
rgsaip.pdf,2,25.64,True,1337,10036,Valid,
rgsfsae copy.pdf,1,22.19,True,1080,7787,Valid,
rgsfsae.pdf,1,22.19,True,1080,7787,Valid,
rgsry copy.pdf,3,35.21,True,2887,19661,Valid,
rgsry.pdf,3,35.21,True,2887,19661,Valid,
rgssspf-2012 copy.pdf,2,24.38,True,1629,11409,Valid,
rgssspf-2012.pdf,2,24.38,True,1629,11409,Valid,
rhsmas copy.pdf,1,20.65,True,864,6608,Valid,
rhsmas.pdf,1,20.65,True,864,6608,Valid,
rkpp copy.pdf,2,29.37,True,1977,14374,Valid,
rkpp.pdf,2,29.37,True,1977,14374,Valid,
rksy copy.pdf,1,20.23,True,861,6609,Valid,
rksy.pdf,1,20.23,True,861,6609,Valid,
rksyr.pdf,1,19.27,True,629,4774,Valid,
rkvy copy.pdf,3,34.24,True,2538,18984,Valid,
rkvy.pdf,3,34.24,True,2538,18984,Valid,
rkvyshfshc copy.pdf,1,20.97,True,942,6647,Valid,
rkvyshfshc.pdf,1,20.97,True,942,6647,Valid,
rkvyshfvlstl copy.pdf,2,24.71,True,1272,9603,Valid,
rkvyshfvlstl.pdf,2,24.71,True,1272,9603,Valid,
rmas copy.pdf,2,26.62,True,1620,11448,Valid,
rmas.pdf,2,26.62,True,1620,11448,Valid,
rmewf copy.pdf,1,21.04,True,911,6891,Valid,
rmewf-disabled-child copy.pdf,1,20.98,True,884,6620,Valid,
rmewf-disabled-child.pdf,1,20.98,True,884,6620,Valid,
rmewf-education copy.pdf,2,23.88,True,1359,9408,Valid,
rmewf-education.pdf,2,23.88,True,1359,9408,Valid,
rmewf-penury copy.pdf,1,21.61,True,995,7356,Valid,
rmewf-penury.pdf,1,21.61,True,995,7356,Valid,
rmewf-vocational-training copy.pdf,1,20.21,True,798,6114,Valid,
rmewf-vocational-training.pdf,1,20.21,True,798,6114,Valid,
rmewf.pdf,1,21.04,True,911,6891,Valid,
rmfgp copy.pdf,1,20.33,True,877,6507,Valid,
rmfgp.pdf,1,20.33,True,877,6507,Valid,
rpa.pdf,2,25.67,True,1636,11278,Valid,
rpsy copy.pdf,1,19.47,True,802,5780,Valid,
rpsy.pdf,1,19.47,True,802,5780,Valid,
rraslrrc copy.pdf,2,30.77,True,2348,16199,Valid,
rraslrrc.pdf,2,30.77,True,2348,16199,Valid,
rrf copy.pdf,2,27.63,True,1827,13125,Valid,
rrf(1) copy.pdf,2,27.63,True,1827,13125,Valid,
rrf(1).pdf,2,27.63,True,1827,13125,Valid,
rrf.pdf,2,27.63,True,1827,13125,Valid,
rrsdmsmecpu copy.pdf,2,25.9,True,1589,11236,Valid,
rrsdmsmecpu.pdf,2,25.9,True,1589,11236,Valid,
rs-mesifai copy.pdf,1,22.6,True,1169,8635,Valid,
rs-mesifai.pdf,1,22.6,True,1169,8635,Valid,
rsb copy.pdf,1,22.71,True,1191,8341,Valid,
rsb(1) copy.pdf,1,22.71,True,1191,8341,Valid,
rsb(1).pdf,1,22.71,True,1191,8341,Valid,
rsb.pdf,1,22.71,True,1191,8341,Valid,
rsdarc copy.pdf,1,22.01,True,1135,8391,Valid,
rsdarc.pdf,1,22.01,True,1135,8391,Valid,
rsdss copy.pdf,2,23.99,True,1322,9669,Valid,
rsdss.pdf,2,23.99,True,1322,9669,Valid,
rsesthsdo-faascdmf copy.pdf,1,21.88,True,1203,8995,Valid,
rsesthsdo-faascdmf.pdf,1,21.88,True,1203,8995,Valid,
rsseehmsie-mp copy.pdf,1,21.63,True,1120,8418,Valid,
rsseehmsie-mp.pdf,1,21.63,True,1120,8418,Valid,
rt.pdf,2,24.72,True,1307,9907,Valid,
rtfd copy.pdf,1,18.21,True,628,5087,Valid,
rtfd.pdf,1,18.21,True,628,5087,Valid,
rtftsccw copy.pdf,1,22.6,True,1143,8615,Valid,
rtftsccw.pdf,1,22.6,True,1143,8615,Valid,
rtif copy.pdf,2,24.35,True,1366,9765,Valid,
rtif.pdf,2,24.35,True,1366,9765,Valid,
runcpp-pbaocwwb copy.pdf,1,20.28,True,922,7082,Valid,
runcpp-pbaocwwb.pdf,1,20.28,True,922,7082,Valid,
rvp copy.pdf,2,26.23,True,1648,12167,Valid,
rvp.pdf,2,26.23,True,1648,12167,Valid,
rythu-bima.pdf,2,29.51,True,2501,16132,Valid,
s-esdp.pdf,1,21.86,True,1094,8049,Valid,
s-kerala.pdf,1,21.42,True,1107,7696,Valid,
s30s copy.pdf,1,20.81,True,939,6791,Valid,
s30s.pdf,1,20.81,True,939,6791,Valid,
sa-affdf.pdf,1,23.08,True,1151,8780,Valid,
saaopsg(1).pdf,2,25.6,True,1497,10519,Valid,
saaopsg.pdf,2,25.6,True,1497,10519,Valid,
sacipsctmrgiia.pdf,1,22.73,True,1189,8899,Valid,
sadppfaa.pdf,3,40.86,True,3662,25962,Valid,
safaew-bcew.pdf,2,25.57,True,1410,10017,Valid,
sag.pdf,1,21.28,True,943,6772,Valid,
sagy.pdf,3,41.34,True,3450,25104,Valid,
sahayta.pdf,1,21.25,True,1024,7658,Valid,
sak-deg copy.pdf,2,26.26,True,1532,10711,Valid,
sak-deg.pdf,2,26.26,True,1532,10711,Valid,
sak-dip copy.pdf,2,26.35,True,1541,10797,Valid,
sak-dip.pdf,2,26.35,True,1541,10797,Valid,
samruddhischeme.pdf,2,25.32,True,1482,10820,Valid,
sams.pdf,1,18.48,True,556,4609,Valid,
sanfsosms.pdf,1,20.55,True,980,7236,Valid,
sapaandsdasdsggiapfafsd.pdf,2,28.75,True,1940,14500,Valid,
sapwdpfaa.pdf,1,21.92,True,1091,8051,Valid,
sara.pdf,1,20.31,True,970,6998,Valid,
sasbma.pdf,1,23.54,True,1153,9160,Valid,
sasi.pdf,2,31.33,True,2562,18675,Valid,
sasjfopfc.pdf,2,29.35,True,2012,14417,Valid,
sasseceie.pdf,2,24.73,True,1346,9959,Valid,
sasstsap.pdf,1,21.77,True,1279,8602,Valid,
sasy.pdf,2,25.83,True,1455,10584,Valid,
satgmsa.pdf,1,22.32,True,1080,8287,Valid,
sawh.pdf,1,20.89,True,866,6730,Valid,
say copy.pdf,1,18.93,True,640,5025,Valid,
say.pdf,1,18.93,True,640,5025,Valid,
saygbocwwb.pdf,1,18.49,True,570,4681,Valid,
sbm-g-i.pdf,1,22.17,True,1046,8071,Valid,
sbm-g-ii.pdf,2,25.48,True,1345,9728,Valid,
sbm-u.pdf,1,19.99,True,600,4940,Valid,
sbsky.pdf,1,22.1,True,1103,8023,Valid,
sbssps.pdf,2,29.08,True,2250,15198,Valid,
sby.pdf,2,31.62,True,2573,17975,Valid,
sbygbocwwb.pdf,1,19.72,True,702,5683,Valid,
scafe.pdf,2,29.32,True,2088,14710,Valid,
scasc.pdf,2,29.87,True,2204,15670,Valid,
scast.pdf,2,29.71,True,2159,15388,Valid,
scdf.pdf,1,22.46,True,1088,8262,Valid,
scis.pdf,1,22.9,True,1219,9123,Valid,
sclcss.pdf,1,21.74,True,1127,8377,Valid,
scossi.pdf,1,21.28,True,1242,9128,Valid,
scpmsc.pdf,1,20.15,True,837,6031,Valid,
scrimc.pdf,2,23.25,True,1356,10074,Valid,
scs-goa.pdf,1,22.83,True,1135,7946,Valid,
scsfr.pdf,1,21.87,True,1206,8433,Valid,
scss-glwb(1).pdf,1,20.6,True,850,6311,Valid,
scss-glwb.pdf,1,20.6,True,850,6311,Valid,
scss.pdf,2,24.44,True,1393,9388,Valid,
scsssetul.pdf,2,32.89,True,2382,17870,Valid,
scy.pdf,1,18.57,True,633,4833,Valid,
scymp.pdf,1,18.15,True,538,4373,Valid,
sda2013.pdf,2,26.91,True,1908,14438,Valid,
sdaanbocwwb.pdf,1,21.38,True,1038,8138,Valid,
sdaocsg.pdf,3,34.6,True,2843,19071,Valid,
sdas.pdf,1,22.59,True,1101,8365,Valid,
sdfrs.pdf,1,23.97,True,1303,9073,Valid,
sdgtbpcccc.pdf,1,18.78,True,603,4970,Valid,
sdpd.pdf,1,22.58,True,1230,8558,Valid,
sdps.pdf,2,26.19,True,1481,10357,Valid,
sdrs.pdf,1,22.89,True,1202,8553,Valid,
sds-pbaocwwb.pdf,1,20.18,True,943,7138,Valid,
sdsscp.pdf,1,19.57,True,844,6227,Valid,
sdsspd.pdf,2,25.24,True,1331,10029,Valid,
sdys2016.pdf,1,19.88,True,865,6544,Valid,
seasukbocwwb.pdf,1,21.42,True,993,7739,Valid,
sebiitdip.pdf,1,21.9,True,1077,7791,Valid,
sei.pdf,1,22.19,True,1133,8307,Valid,
serb-star.pdf,2,25.77,True,1528,10873,Valid,
serb-tetra.pdf,2,28.62,True,1906,13779,Valid,
serbpowerf.pdf,2,24.39,True,1492,10584,Valid,
serbpowerrg.pdf,2,26.19,True,1501,10840,Valid,
serbrss.pdf,2,26.94,True,1723,12270,Valid,
ses-goa(1).pdf,2,27.14,True,1866,13382,Valid,
ses-goa.pdf,2,27.14,True,1866,13382,Valid,
ses.pdf,1,21.29,True,865,6724,Valid,
sevtgi.pdf,1,20.71,True,1043,7800,Valid,
sfacfippr.pdf,2,24.71,True,1299,9796,Valid,
sfapdchh.pdf,3,33.73,True,2775,19073,Valid,
sfava(1).pdf,2,32.52,True,2723,18915,Valid,
sfava.pdf,2,32.52,True,2723,18915,Valid,
sffrfse.pdf,1,22.42,True,1151,8285,Valid,
sfgatjsicat.pdf,1,20.48,True,907,6605,Valid,
sfgatsaicaf.pdf,1,20.26,True,920,6618,Valid,
sfgatta-sa.pdf,1,19.65,True,838,6171,Valid,
sfgcs.pdf,1,20.87,True,1027,7275,Valid,
sfgfattlhotdawhotdotiawwrfs.pdf,1,20.14,True,1059,7649,Valid,
sfgsss.pdf,1,22.28,True,1314,9290,Valid,
sfmcas-glwb.pdf,1,21.19,True,987,7161,Valid,
sfpbttjp.pdf,1,20.07,True,919,7236,Valid,
sfs.pdf,1,18.39,True,563,4650,Valid,
sfsa.pdf,1,21.19,True,1191,8207,Valid,
sfurti.pdf,3,38.85,True,3154,24144,Valid,
sg-sw.pdf,1,21.88,True,973,7634,Valid,
sg.pdf,2,26.4,True,1807,12248,Valid,
sgassbstaniphsaip-sscp10p2c.pdf,2,30.77,True,2603,18451,Valid,
sgassobcaniphsaislecxixii.pdf,2,29.55,True,2266,16123,Valid,
sgatt.pdf,1,21.64,True,1109,7980,Valid,
sgfaarsaaowdfrs.pdf,2,32.53,True,2611,18267,Valid,
sgfaiweps.pdf,1,20.79,True,1086,8092,Valid,
sgiavoowsc.pdf,2,30.22,True,2153,16035,Valid,
sgiavowwst.pdf,3,33.12,True,2800,19513,Valid,
sgngs.pdf,2,27.2,True,1872,12931,Valid,
sgpbj.pdf,2,23.76,True,1332,9502,Valid,
sgpd.pdf,1,20.5,True,852,6846,Valid,
sgrcsl.pdf,2,25.31,True,1643,10968,Valid,
sgs.pdf,2,25.56,True,1718,11091,Valid,
sh.pdf,1,21.83,True,950,7023,Valid,
sheambgoc.pdf,1,22.54,True,1138,8801,Valid,
shs.pdf,1,20.88,True,896,7400,Valid,
shw.pdf,1,20.35,True,933,6963,Valid,
sias.pdf,2,24.54,True,1417,10020,Valid,
sib.pdf,1,22.49,True,1239,8639,Valid,
sicmtcpd.pdf,1,21.96,True,1005,7855,Valid,
sip.pdf,2,27.7,True,1721,12522,Valid,
sipgrs-mospi.pdf,2,28.67,True,1917,14080,Valid,
sipocagi.pdf,2,26.53,True,1623,11543,Valid,
sire.pdf,2,25.81,True,1503,10720,Valid,
sisdgft.pdf,1,22.6,True,1119,8550,Valid,
sisfs-fi.pdf,4,48.53,True,5341,35273,Valid,
sisfs-fs.pdf,3,39.03,True,3801,25318,Valid,
sisnhe.pdf,2,32.04,True,2559,17856,Valid,
sisuopp.pdf,1,20.76,True,970,7072,Valid,
sitare-ag.pdf,2,28.37,True,1740,13258,Valid,
sitare-gyti.pdf,2,32.06,True,2339,17513,Valid,
sjfs.pdf,1,22.37,True,1187,8745,Valid,
sjgdys2016.pdf,1,20.32,True,944,7113,Valid,
sjpfsgc.pdf,2,31.3,True,2375,16093,Valid,
skbhcs.pdf,1,20.59,True,859,6780,Valid,
skbrcsy.pdf,1,19.47,True,798,6129,Valid,
skerala.pdf,1,20.3,True,958,7132,Valid,
skgbcsy(1).pdf,1,20.09,True,842,6427,Valid,
skgbcsy.pdf,1,20.09,True,842,6427,Valid,
skhausy.pdf,1,19.4,True,771,5965,Valid,
skhvc copy.pdf,1,19.62,True,776,5988,Valid,
skhvc.pdf,1,19.62,True,776,5988,Valid,
skksbpa.pdf,1,21.87,True,1102,7797,Valid,
skkuy.pdf,1,19.62,True,811,6269,Valid,
skpcsy.pdf,1,19.53,True,767,5964,Valid,
skpsy.pdf,1,19.5,True,771,5990,Valid,
skscy.pdf,1,20.32,True,924,6586,Valid,
sksptyy.pdf,1,22.03,True,1144,8316,Valid,
sl.pdf,2,24.53,True,1360,9529,Valid,
slesvkspy.pdf,1,22.31,True,1069,7669,Valid,
slg.pdf,1,21.09,True,1085,7747,Valid,
slswe.pdf,1,21.5,True,997,7141,Valid,
sm.pdf,2,27.24,True,1862,12935,Valid,
smam.pdf,2,24.38,True,1257,9580,Valid,
smaspg.pdf,1,21.94,True,1195,8523,Valid,
smile-scholarship.pdf,2,29.31,True,2203,15485,Valid,
smile-skill-and-training.pdf,2,24.98,True,1408,10388,Valid,
smile.pdf,1,18.8,True,625,4985,Valid,
smmgnu.pdf,2,26.58,True,1703,12138,Valid,
sms.pdf,1,21.13,True,1011,7320,Valid,
smsm.pdf,2,24.75,True,1495,10580,Valid,
smsssmbbsacnps.pdf,2,23.47,True,1197,9435,Valid,
smts-glwb.pdf,1,21.21,True,961,6925,Valid,
sn2408.pdf,1,20.62,True,948,7071,Valid,
sndaygbocwwb.pdf,1,22.32,True,1201,8936,Valid,
snsu.pdf,1,18.63,True,605,4813,Valid,
snsukbocwwb(1).pdf,1,21.18,True,990,7718,Valid,
snsukbocwwb.pdf,1,21.18,True,990,7718,Valid,
soapttikaa.pdf,1,19.6,True,894,6632,Valid,
socka-tn.pdf,1,21.74,True,1065,7935,Valid,
socka.pdf,1,20.84,True,975,7144,Valid,
soefatfatftpomic.pdf,1,19.1,True,884,6702,Valid,
soefatndp.pdf,1,20.96,True,1063,7721,Valid,
soefmgttfotdfa.pdf,1,20.0,True,910,6693,Valid,
soegftporboa.pdf,1,20.6,True,1000,7118,Valid,
soetya.pdf,1,21.28,True,1111,8193,Valid,
sofatia.pdf,1,20.15,True,911,6962,Valid,
sogateakia.pdf,1,20.53,True,919,6796,Valid,
sogateakma.pdf,1,20.39,True,913,6780,Valid,
sogateakna.pdf,1,20.5,True,910,6766,Valid,
sogateaksa(1).pdf,1,20.52,True,910,6775,Valid,
sogateaksa.pdf,1,20.52,True,910,6775,Valid,
sogateakva.pdf,1,21.23,True,1113,8175,Valid,
sogiafcoae-gs.pdf,1,20.28,True,961,6966,Valid,
sogiafcoae-oms.pdf,1,20.3,True,898,6770,Valid,
sopaatdapwhsn.pdf,1,19.0,True,789,6110,Valid,
sosfss.pdf,1,19.71,True,861,6506,Valid,
spaa.pdf,1,20.45,True,982,7147,Valid,
spadap.pdf,1,20.61,True,869,6743,Valid,
spaddap.pdf,1,21.96,True,1037,7867,Valid,
spara.pdf,1,22.76,True,1193,8713,Valid,
spay.pdf,2,23.03,True,1469,9750,Valid,
spdmtfptantner.pdf,2,25.18,True,1588,11166,Valid,
spesp.pdf,1,21.94,True,1192,8665,Valid,
spfafgiabccgipmi.pdf,2,24.06,True,1374,10305,Valid,
spfapldcmputp.pdf,1,21.85,True,1093,8127,Valid,
spfappbga.pdf,1,21.44,True,1041,7285,Valid,
spfrpcvwnmpcn-faascdmf copy.pdf,2,24.7,True,1519,11267,Valid,
spfrpcvwnmpcn-faascdmf.pdf,2,24.7,True,1519,11267,Valid,
spgiacomrg.pdf,2,24.12,True,1318,9615,Valid,
spgjotgiambmt.pdf,2,27.29,True,1651,12038,Valid,
sphhsy.pdf,1,21.39,True,953,7072,Valid,
spiltpfacsg.pdf,1,21.96,True,1205,8528,Valid,
spk.pdf,2,26.05,True,1430,9941,Valid,
spmsd.pdf,2,24.61,True,1394,10224,Valid,
sppy.pdf,1,19.46,True,738,5688,Valid,
spr.pdf,1,18.11,True,593,4438,Valid,
spremsd.pdf,1,22.16,True,1199,8713,Valid,
sprpd.pdf,1,22.25,True,1201,9008,Valid,
sprs.pdf,2,32.08,True,2635,18077,Valid,
sps-assam(1).pdf,2,24.08,True,1430,10216,Valid,
sps-assam.pdf,2,24.08,True,1430,10216,Valid,
sps.pdf,1,22.33,True,1242,8922,Valid,
spsfaoce.pdf,2,24.45,True,1411,10597,Valid,
spss-goa.pdf,1,22.33,True,1162,8302,Valid,
spsvsgs.pdf,2,24.07,True,1351,9787,Valid,
spwfrpsmb-faascdmf.pdf,2,23.76,True,1316,9732,Valid,
spy-gbocwwb.pdf,1,18.99,True,641,5012,Valid,
spytis-i.pdf,2,24.61,True,1273,9352,Valid,
spytis-ii.pdf,2,26.07,True,1458,10817,Valid,
sqc-mesifai-vi copy.pdf,2,26.82,True,1718,12948,Valid,
sqc-mesifai-vi.pdf,2,26.82,True,1718,12948,Valid,
sr.pdf,3,34.91,True,2795,20676,Valid,
srbp.pdf,1,20.2,True,837,6252,Valid,
srcs.pdf,1,23.13,True,1335,9218,Valid,
sre-randr.pdf,2,26.64,True,1723,12350,Valid,
sreehispshecioutp.pdf,1,20.72,True,877,6929,Valid,
srhmsy.pdf,1,20.46,True,774,5833,Valid,
srmp.pdf,1,19.84,True,835,6358,Valid,
srms.pdf,2,24.96,True,1343,9905,Valid,
srmsmeghalaya.pdf,1,19.23,True,624,5093,Valid,
srrna.pdf,1,21.59,True,1089,7730,Valid,
srs-goa.pdf,1,23.98,True,1313,9042,Valid,
srs.pdf,2,24.4,True,1425,9722,Valid,
srsn.pdf,1,21.8,True,1204,9005,Valid,
srspy.pdf,1,23.24,True,1150,9078,Valid,
ss-a.pdf,1,22.11,True,1281,9054,Valid,
ss-dadra-and-nagar-haveli-and-daman-and-diu.pdf,2,24.73,True,1487,10407,Valid,
ss-kerala.pdf,2,26.33,True,1511,10610,Valid,
ss-west-bengal.pdf,2,23.85,True,1383,9617,Valid,
ssboscbpbs.pdf,1,23.36,True,1295,9315,Valid,
sscssgi.pdf,1,20.89,True,975,7269,Valid,
sscttti.pdf,1,18.97,True,698,5486,Valid,
ssddap-pudu.pdf,1,21.39,True,946,7203,Valid,
ssddap.pdf,1,20.49,True,1065,7962,Valid,
ssds-punjab.pdf,1,20.07,True,825,6118,Valid,
ssds.pdf,1,19.97,True,791,5942,Valid,
sse100bbfsc.pdf,1,21.69,True,1179,8426,Valid,
sse25krbust.pdf,1,21.15,True,1045,7462,Valid,
sse25rbusc.pdf,1,20.9,True,960,6909,Valid,
sse25rbuwse.pdf,1,20.91,True,956,6869,Valid,
sse40rbudp.pdf,1,20.75,True,1008,7194,Valid,
sseg10scp.pdf,2,24.99,True,1543,10579,Valid,
ssegu10gcp.pdf,2,24.81,True,1523,10450,Valid,
ssegu10stw.pdf,2,24.93,True,1561,10666,Valid,
sseppas.pdf,1,20.9,True,1011,7593,Valid,
ssfgcojmmw.pdf,1,20.76,True,882,6326,Valid,
ssfpms.pdf,1,22.5,True,1231,8888,Valid,
ssieemaf.pdf,2,25.07,True,1453,9889,Valid,
ssiemafsc.pdf,2,25.32,True,1476,10077,Valid,
ssiemafst.pdf,2,24.62,True,1394,9577,Valid,
sskerala.pdf,2,26.31,True,1592,11977,Valid,
sslgiangiaimuif(1).pdf,2,25.69,True,1620,11666,Valid,
sslgiangiaimuif.pdf,2,25.69,True,1620,11666,Valid,
ssmpsn.pdf,1,21.45,True,1077,7746,Valid,
sspftdp.pdf,1,20.83,True,959,7202,Valid,
sspftsc.pdf,1,20.91,True,975,7315,Valid,
sspftws.pdf,1,20.87,True,969,7278,Valid,
sspmphmrp.pdf,2,25.58,True,1394,10562,Valid,
sspsl.pdf,1,20.13,True,827,6204,Valid,
ssrs.pdf,2,27.24,True,1890,14327,Valid,
sss(1).pdf,2,24.03,True,1341,9816,Valid,
sss-goa.pdf,2,24.93,True,1515,10662,Valid,
sss-gujarat.pdf,1,20.79,True,828,6112,Valid,
sss.pdf,2,24.03,True,1341,9816,Valid,
sssbmbcascvssvs.pdf,1,18.85,True,670,5299,Valid,
ssscsitipcsvs.pdf,1,21.23,True,916,7140,Valid,
ssscsss.pdf,1,20.17,True,819,6303,Valid,
sssghid.pdf,1,20.54,True,1265,8873,Valid,
sssps.pdf,2,26.76,True,1802,12520,Valid,
ssspy.pdf,1,19.51,True,710,5271,Valid,
ssst-pts.pdf,1,20.89,True,976,7321,Valid,
ssstss(1).pdf,1,22.35,True,1210,8537,Valid,
ssstss.pdf,1,22.35,True,1210,8537,Valid,
sssvamnapy.pdf,1,18.51,True,652,5072,Valid,
sssvpy.pdf,1,19.32,True,706,5483,Valid,
sstsppc.pdf,1,22.53,True,1131,8656,Valid,
sstvsielwccrr.pdf,1,21.26,True,1114,8144,Valid,
ssvy.pdf,1,20.14,True,798,5741,Valid,
ssy.pdf,2,26.7,True,1919,12131,Valid,
ssyc.pdf,1,20.29,True,892,6498,Valid,
ssyup.pdf,1,20.08,True,883,6676,Valid,
stastya(1).pdf,1,19.37,True,958,7054,Valid,
stastya.pdf,1,19.37,True,958,7054,Valid,
stccbocwwb.pdf,1,22.67,True,1258,9129,Valid,
stfhrdphr.pdf,2,29.98,True,2106,15464,Valid,
stiti.pdf,1,19.39,True,768,5821,Valid,
stl.pdf,1,17.92,True,524,4244,Valid,
stls.pdf,1,20.75,True,1261,8574,Valid,
stlsmeghalaya.pdf,1,18.2,True,577,4735,Valid,
stmas-pbaocwwb.pdf,1,21.22,True,1095,8396,Valid,
stpmsc.pdf,1,20.13,True,844,6080,Valid,
stptc.pdf,2,23.27,True,1326,9565,Valid,
strtupmpr(1).pdf,2,25.2,True,1475,10759,Valid,
strtupmpr.pdf,2,25.2,True,1475,10759,Valid,
sts.pdf,1,21.91,True,1006,7638,Valid,
stsemstsmcupscviii.pdf,2,24.38,True,1349,9532,Valid,
stssts.pdf,2,25.63,True,1467,11201,Valid,
stypsstdpdcs.pdf,2,25.32,True,1396,9968,Valid,
su-swastha-yojna.pdf,3,35.88,True,2876,20335,Valid,
subsidy-scheme-for-taxi.pdf,1,20.25,True,850,6146,Valid,
suh.pdf,2,25.3,True,1861,14087,Valid,
sui.pdf,1,23.56,True,1316,9344,Valid,
suman.pdf,1,20.19,True,927,6900,Valid,
suurg.pdf,2,24.85,True,1408,9869,Valid,
suwps.pdf,1,20.12,True,819,6024,Valid,
svayem.pdf,2,26.8,True,1615,11713,Valid,
svby.pdf,1,20.73,True,833,6446,Valid,
svmcms(1).pdf,2,24.5,True,1253,9702,Valid,
svmcms.pdf,2,24.5,True,1253,9702,Valid,
svnspy.pdf,1,20.71,True,865,6541,Valid,
svsgcfrss.pdf,2,26.75,True,1759,12094,Valid,
svucy.pdf,1,21.89,True,984,7414,Valid,
swbcbocwwb.pdf,2,25.84,True,1582,11395,Valid,
swcncp.pdf,1,20.44,True,1058,7528,Valid,
swlhps.pdf,2,25.27,True,1580,10811,Valid,
swsp.pdf,1,21.87,True,1173,8488,Valid,
swwh.pdf,1,22.31,True,1169,8124,Valid,
sy.pdf,2,27.22,True,1936,12918,Valid,
syss.pdf,2,31.05,True,2235,16092,Valid,
tare.pdf,2,28.4,True,1930,13267,Valid,
tascs12s.pdf,1,20.45,True,885,6664,Valid,
tawfa.pdf,2,25.48,True,1432,10085,Valid,
tcdapsotcb.pdf,1,21.15,True,1043,7716,Valid,
tce-sc.pdf,1,22.81,True,1080,7733,Valid,
tce-swd.pdf,2,25.22,True,1340,9627,Valid,
tcptc.pdf,1,19.49,True,677,5366,Valid,
tdfs.pdf,2,24.54,True,1283,9988,Valid,
tdpspdstgmisg.pdf,2,29.84,True,2135,14953,Valid,
tds.pdf,1,20.45,True,737,5851,Valid,
tdupw.pdf,2,27.8,True,1614,12148,Valid,
tecis.pdf,1,22.29,True,1109,8188,Valid,
tessdl.pdf,2,24.59,True,1479,10520,Valid,
tessdlhp.pdf,2,23.88,True,1366,9882,Valid,
tessitil.pdf,1,21.04,True,972,7212,Valid,
tfapps.pdf,2,25.21,True,1359,9955,Valid,
tfefvs.pdf,1,21.44,True,974,7508,Valid,
tfefvssshs.pdf,1,20.86,True,977,7291,Valid,
tfrs.pdf,1,22.32,True,1166,8465,Valid,
tgjy.pdf,1,19.4,True,687,5293,Valid,
tgsctclvccmuo.pdf,1,22.63,True,1284,9215,Valid,
thasp.pdf,1,21.6,True,1286,9198,Valid,
thayi-bhagya.pdf,1,23.2,True,1223,8924,Valid,
thcsgbocwwb.pdf,1,22.47,True,1121,8626,Valid,
thgmbs.pdf,1,20.05,True,833,6359,Valid,
thrgrr-sw.pdf,1,21.28,True,954,7331,Valid,
ticcotdocs.pdf,1,20.79,True,997,7505,Valid,
tihcdohs copy.pdf,1,20.41,True,836,6447,Valid,
tihcdohs.pdf,1,20.41,True,836,6447,Valid,
tipii.pdf,1,21.65,True,1088,8805,Valid,
tjhis.pdf,1,21.27,True,1114,7962,Valid,
tkgthe.pdf,2,25.65,True,1494,11221,Valid,
tksukbocwwb.pdf,1,21.36,True,960,7677,Valid,
tlmvvcs.pdf,2,26.34,True,1658,11575,Valid,
tmdvso.pdf,2,24.44,True,1378,9827,Valid,
tmtsbg-pme.pdf,1,22.56,True,1180,8880,Valid,
tmvcs.pdf,2,27.77,True,2594,16861,Valid,
tncmbs.pdf,1,19.9,True,866,6580,Valid,
tncmfp.pdf,2,27.34,True,1626,12141,Valid,
tnfcr.pdf,3,39.13,True,3621,24873,Valid,
tnnaa.pdf,2,26.66,True,1827,12574,Valid,
tnscr.pdf,3,37.31,True,3383,23421,Valid,
tnztbtsfw(1).pdf,1,19.45,True,785,5487,Valid,
tnztbtsfw.pdf,1,19.45,True,785,5487,Valid,
tpa.pdf,1,20.82,True,1001,7494,Valid,
tps-hgv.pdf,1,17.92,True,713,5114,Valid,
tps.pdf,1,19.19,True,805,5924,Valid,
tpsftbp copy.pdf,1,20.39,True,834,6253,Valid,
tpsftbp.pdf,1,20.39,True,834,6253,Valid,
trs-goa.pdf,1,23.02,True,1191,8590,Valid,
trsps.pdf,1,19.85,True,859,6130,Valid,
ts-ds copy.pdf,1,19.55,True,821,6281,Valid,
ts-ds.pdf,1,19.55,True,821,6281,Valid,
ts-kerala.pdf,1,21.38,True,1024,7957,Valid,
tshmcy.pdf,1,20.45,True,860,6723,Valid,
tshsbr.pdf,1,19.49,True,753,5820,Valid,
tsigc.pdf,1,18.46,True,827,5445,Valid,
tsnucy.pdf,1,21.69,True,1056,7540,Valid,
tssad.pdf,1,21.35,True,1011,7430,Valid,
ttcss.pdf,1,22.28,True,1157,8403,Valid,
ttdf.pdf,2,25.82,True,1427,10953,Valid,
ttr.pdf,2,25.02,True,1352,9760,Valid,
ttscandbc.pdf,1,21.37,True,831,6385,Valid,
tujtpft copy.pdf,2,27.67,True,1668,12363,Valid,
tujtpft.pdf,2,27.67,True,1668,12363,Valid,
uas.pdf,2,24.48,True,1624,11797,Valid,
uascs.pdf,1,18.15,True,567,4533,Valid,
uasukbocwwb.pdf,1,20.9,True,914,7163,Valid,
uatdap.pdf,1,20.16,True,831,6559,Valid,
uatdp.pdf,1,19.45,True,718,5637,Valid,
ubha.pdf,1,20.69,True,941,7244,Valid,
udps.pdf,1,18.69,True,739,5417,Valid,
uea.pdf,1,22.04,True,1236,9084,Valid,
ueastn.pdf,1,20.25,True,853,6600,Valid,
ueeupwd.pdf,1,22.11,True,1202,8883,Valid,
uky.pdf,1,18.1,True,529,4279,Valid,
unnati.pdf,1,20.18,True,803,6017,Valid,
upmbsyg.pdf,1,22.57,True,1124,8681,Valid,
upoaps.pdf,1,17.08,True,505,3961,Valid,
uppy.pdf,1,22.41,True,1153,8267,Valid,
us.pdf,2,25.01,True,1367,9853,Valid,
usttad.pdf,2,24.05,True,1325,10115,Valid,
uwps.pdf,1,19.62,True,825,5933,Valid,
uy.pdf,1,17.39,True,479,3764,Valid,
uyegp.pdf,2,26.79,True,1587,11173,Valid,
va.pdf,1,22.19,True,1081,8029,Valid,
vaibhav.pdf,3,37.29,True,2822,22267,Valid,
vajra.pdf,2,26.04,True,1593,11320,Valid,
vay.pdf,1,18.64,True,601,4674,Valid,
vbpa.pdf,1,21.1,True,1008,7175,Valid,
vcsgbocwwb.pdf,1,21.7,True,1068,8461,Valid,
vdcspds.pdf,1,21.49,True,1107,7932,Valid,
vdrry.pdf,1,18.94,True,752,5671,Valid,
vds.pdf,1,20.37,True,712,5751,Valid,
vdy.pdf,1,20.43,True,1119,7817,Valid,
vetls.pdf,1,20.7,True,843,6453,Valid,
vfas.pdf,2,23.82,True,1271,9757,Valid,
vfmbs(1).pdf,1,23.03,True,1228,8915,Valid,
vfmbs.pdf,1,23.03,True,1228,8915,Valid,
vi.pdf,1,22.21,True,906,6658,Valid,
vidya.pdf,1,19.96,True,855,6222,Valid,
visvas.pdf,1,21.51,True,980,7140,Valid,
vky.pdf,1,18.39,True,533,4547,Valid,
vnmatv.pdf,1,20.87,True,1096,7653,Valid,
vps.pdf,1,18.98,True,662,5438,Valid,
vpseit.pdf,2,30.38,True,2055,14984,Valid,
vs-camcd.pdf,2,24.11,True,1279,9490,Valid,
vs-eacdp.pdf,1,22.42,True,1065,8081,Valid,
vs-fausmphs.pdf,1,22.33,True,1059,7879,Valid,
vspgsc.pdf,1,21.39,True,959,7041,Valid,
vssay.pdf,1,18.04,True,551,4359,Valid,
vssy.pdf,1,19.32,True,707,5500,Valid,
vstspdec.pdf,1,22.46,True,1242,9256,Valid,
vsy.pdf,2,25.79,True,1499,10671,Valid,
vsylwb(1).pdf,1,19.85,True,763,5690,Valid,
vsylwb(2).pdf,1,19.85,True,763,5690,Valid,
vsylwb.pdf,1,19.85,True,763,5690,Valid,
vt-pudu copy.pdf,1,21.24,True,957,7276,Valid,
vt-pudu.pdf,1,21.24,True,957,7276,Valid,
vtcta.pdf,2,30.62,True,2180,16409,Valid,
vtdwag.pdf,1,20.34,True,947,6981,Valid,
vtvscsgit.pdf,1,20.3,True,981,7360,Valid,
vvuy.pdf,1,19.33,True,727,5408,Valid,
wbedrj.pdf,1,18.97,True,636,4917,Valid,
wbfs.pdf,1,22.56,True,1174,9004,Valid,
wbkanyashree.pdf,2,30.68,True,2520,17307,Valid,
wbrupashree.pdf,2,29.75,True,2590,17818,Valid,
wbsaboojsathi.pdf,2,27.89,True,1992,14205,Valid,
wbsccs.pdf,1,22.92,True,1164,8522,Valid,
wbsishusathi.pdf,1,20.76,True,945,6791,Valid,
wcdcls.pdf,1,20.53,True,828,6589,Valid,
wdenp.pdf,1,18.19,True,654,4865,Valid,
wdwps.pdf,1,18.83,True,640,4985,Valid,
widushi.pdf,2,25.88,True,1386,10832,Valid,
wise-pdf.pdf,2,25.97,True,1515,10696,Valid,
wise-phd.pdf,2,28.02,True,1725,12161,Valid,
wise-scope-fellowship.pdf,2,28.72,True,1786,12858,Valid,
wiser.pdf,2,26.32,True,1453,10925,Valid,
wit.pdf,1,22.6,True,1014,7586,Valid,
wmcl.pdf,2,27.03,True,1878,13830,Valid,
wos-a.pdf,1,23.2,True,1156,8461,Valid,
wos-b.pdf,1,23.59,True,1187,8758,Valid,
wos-c.pdf,1,21.5,True,839,6630,Valid,
wpcbocwwb.pdf,1,21.43,True,1092,7834,Valid,
wpup.pdf,1,19.48,True,739,5776,Valid,
wpwb.pdf,1,20.45,True,894,6716,Valid,
wrflsncs-fbps copy.pdf,1,21.85,True,1159,8687,Valid,
wrflsncs-fbps.pdf,1,21.85,True,1159,8687,Valid,
wrflsncs-idra copy.pdf,1,21.5,True,1117,8144,Valid,
wrflsncs-idra.pdf,1,21.5,True,1117,8144,Valid,
wrflsncs-lsa.pdf,1,22.3,True,1165,8790,Valid,
wrms.pdf,1,19.17,True,892,6158,Valid,
yhs.pdf,1,19.08,True,810,5685,Valid,
yip.pdf,2,28.8,True,1969,13822,Valid,
yipb.pdf,2,27.19,True,1585,11871,Valid,
yipjk(1).pdf,1,21.37,True,893,7050,Valid,
yipjk(2).pdf,1,21.37,True,893,7050,Valid,
yipjk.pdf,1,21.37,True,893,7050,Valid,
ypidnabftcw.pdf,2,24.64,True,1419,9663,Valid,
yspncp.pdf,1,22.04,True,1141,8171,Valid,
ysrc.pdf,2,25.66,True,1417,9921,Valid,
ysrebcn.pdf,1,23.33,True,1247,8657,Valid,
ysrjk.pdf,2,26.84,True,1556,11012,Valid,
ysrkn.pdf,2,24.46,True,1336,9252,Valid,
ysrln.pdf,1,23.57,True,1276,8881,Valid,
ysrnn.pdf,1,21.9,True,1162,8343,Valid,
ysrpk.pdf,2,29.64,True,2050,14231,Valid,
ysrrb.pdf,3,35.03,True,2849,19051,Valid,
ysrvm.pdf,2,28.66,True,1915,13418,Valid,
yss.pdf,1,20.51,True,794,6043,Valid,
yuvasree.pdf,1,21.88,True,947,7126,Valid,
zbnf.pdf,1,22.05,True,1070,7704,Valid,
